date,mean_demand_kiloGallon
01-01-2014,10.4
02-01-2014,7.03
03-01-2014,6.95
04-01-2014,9.01
05-01-2014,6.12
06-01-2014,6.86
07-01-2014,7.28
08-01-2014,9.21
09-01-2014,14.42
10-01-2014,11.22
11-01-2014,15.87
12-01-2014,14
13-01-2014,15.83
14-01-2014,13.35
15-01-2014,15.01
16-01-2014,14.53
17-01-2014,16.17
18-01-2014,13.42
19-01-2014,12.5
20-01-2014,11.29
21-01-2014,10.64
22-01-2014,9.79
23-01-2014,14.7
24-01-2014,14.11
25-01-2014,12.01
26-01-2014,12.29
27-01-2014,13.24
28-01-2014,15.13
29-01-2014,14.69
30-01-2014,13.98
31-01-2014,15.39
01-02-2014,16.32
02-02-2014,16.29
03-02-2014,17.1
04-02-2014,17.78
05-02-2014,16.96
06-02-2014,17
07-02-2014,16.22
08-02-2014,14.56
09-02-2014,15.74
10-02-2014,14.49
11-02-2014,15.08
12-02-2014,15.79
13-02-2014,15.47
14-02-2014,16.47
15-02-2014,20.12
16-02-2014,14.86
17-02-2014,14.21
18-02-2014,14.98
19-02-2014,16.33
20-02-2014,18.6
21-02-2014,20
22-02-2014,21.32
23-02-2014,18.13
24-02-2014,17.03
25-02-2014,17.04
26-02-2014,18.39
27-02-2014,20.8
28-02-2014,20.01
01-03-2014,16.64
02-03-2014,18.05
03-03-2014,19.72
04-03-2014,18.3
05-03-2014,20.46
06-03-2014,21.69
07-03-2014,22.26
08-03-2014,25.13
09-03-2014,25.43
10-03-2014,22.91
11-03-2014,24.48
12-03-2014,23.97
13-03-2014,21.72
14-03-2014,21.89
15-03-2014,23.92
16-03-2014,21.35
17-03-2014,23.35
18-03-2014,24.37
19-03-2014,21.83
20-03-2014,30.33
21-03-2014,23.6
22-03-2014,25.5
23-03-2014,28.2
24-03-2014,26.46
25-03-2014,22.56
26-03-2014,24.38
27-03-2014,21.63
28-03-2014,23.1
29-03-2014,20.83
30-03-2014,24.21
31-03-2014,24.36
01-04-2014,26.39
02-04-2014,26.17
03-04-2014,25.68
04-04-2014,24.6
05-04-2014,24.58
06-04-2014,25.08
07-04-2014,30.6
08-04-2014,29.58
09-04-2014,28.66
10-04-2014,30.3
11-04-2014,31.5
12-04-2014,30.3
13-04-2014,31.71
14-04-2014,27.12
15-04-2014,27.4
16-04-2014,31.48
17-04-2014,28.32
18-04-2014,31.8
19-04-2014,29.42
20-04-2014,30.63
21-04-2014,29.05
22-04-2014,28.74
23-04-2014,28.63
24-04-2014,30.89
25-04-2014,31.77
26-04-2014,31.07
27-04-2014,31.45
28-04-2014,30.27
29-04-2014,33.73
30-04-2014,30.83
01-05-2014,32.18
02-05-2014,29.83
03-05-2014,27.43
04-05-2014,34.17
05-05-2014,30.99
06-05-2014,33.41
07-05-2014,31.89
08-05-2014,33.81
09-05-2014,32.91
10-05-2014,34
11-05-2014,31.98
12-05-2014,29.86
13-05-2014,30.13
14-05-2014,30.99
15-05-2014,32.67
16-05-2014,34.65
17-05-2014,32.51
18-05-2014,30.14
19-05-2014,35.69
20-05-2014,37.86
21-05-2014,36.36
22-05-2014,34.91
23-05-2014,36.38
24-05-2014,36.51
25-05-2014,38.71
26-05-2014,38.93
27-05-2014,36.93
28-05-2014,34.63
29-05-2014,34.48
30-05-2014,30.59
31-05-2014,34.63
01-06-2014,31.04
02-06-2014,32.72
03-06-2014,36.31
04-06-2014,36.57
05-06-2014,36.79
06-06-2014,29.72
07-06-2014,32.64
08-06-2014,35.91
09-06-2014,35.8
10-06-2014,35.89
11-06-2014,28.66
12-06-2014,32.78
13-06-2014,30.43
14-06-2014,31.05
15-06-2014,29.18
16-06-2014,25.65
17-06-2014,27.41
18-06-2014,28.97
19-06-2014,31.35
20-06-2014,33.66
21-06-2014,35.18
22-06-2014,36.31
23-06-2014,35.52
24-06-2014,31.49
25-06-2014,30.57
26-06-2014,30.67
27-06-2014,30.17
28-06-2014,33.08
29-06-2014,33.92
30-06-2014,31.52
01-07-2014,33.52
02-07-2014,33.47
03-07-2014,32.52
04-07-2014,32.05
05-07-2014,32.8
06-07-2014,30.38
07-07-2014,31.48
08-07-2014,28.94
09-07-2014,30.45
10-07-2014,29.16
11-07-2014,32.5
12-07-2014,29.74
13-07-2014,30.8
14-07-2014,29.83
15-07-2014,30.16
16-07-2014,29.58
17-07-2014,31.75
18-07-2014,30.48
19-07-2014,30.81
20-07-2014,28.18
21-07-2014,27.35
22-07-2014,30.39
23-07-2014,31.22
24-07-2014,30.61
25-07-2014,28.62
26-07-2014,30.9
27-07-2014,30.75
28-07-2014,31.64
29-07-2014,29.45
30-07-2014,30.81
31-07-2014,27.97
01-08-2014,30.9
02-08-2014,29.99
03-08-2014,31.2
04-08-2014,31.2
05-08-2014,30.98
06-08-2014,26.89
07-08-2014,27.52
08-08-2014,27.36
09-08-2014,26.62
10-08-2014,29.43
11-08-2014,30.9
12-08-2014,28.62
13-08-2014,29.21
14-08-2014,29.07
15-08-2014,28.82
16-08-2014,27.4
17-08-2014,27.98
18-08-2014,27.77
19-08-2014,27.6
20-08-2014,26.28
21-08-2014,28.9
22-08-2014,29.17
23-08-2014,29.72
24-08-2014,33.6
25-08-2014,28.71
26-08-2014,30.4
27-08-2014,31.5
28-08-2014,31.35
29-08-2014,32.45
30-08-2014,30.04
31-08-2014,30.16
01-09-2014,30
02-09-2014,32.18
03-09-2014,32.42
04-09-2014,32.03
05-09-2014,31.35
06-09-2014,29.96
07-09-2014,30.83
08-09-2014,27.72
09-09-2014,32.24
10-09-2014,28.78
11-09-2014,31.47
12-09-2014,32.41
13-09-2014,32.39
14-09-2014,31.72
15-09-2014,30.36
16-09-2014,28.78
17-09-2014,30.13
18-09-2014,27.69
19-09-2014,30.4
20-09-2014,28.38
21-09-2014,24.44
22-09-2014,29.47
23-09-2014,28.77
24-09-2014,30.75
25-09-2014,29.14
26-09-2014,27.35
27-09-2014,27.84
28-09-2014,28.5
29-09-2014,27.86
30-09-2014,25.51
01-10-2014,27.44
02-10-2014,28.32
03-10-2014,27.46
04-10-2014,24.59
05-10-2014,29.93
06-10-2014,28.86
07-10-2014,30.31
08-10-2014,29.78
09-10-2014,29.29
10-10-2014,28.84
11-10-2014,24.81
12-10-2014,27.19
13-10-2014,26.35
14-10-2014,27.71
15-10-2014,26.37
16-10-2014,26.69
17-10-2014,26.86
18-10-2014,25.28
19-10-2014,24.33
20-10-2014,23.12
21-10-2014,24.88
22-10-2014,27.8
23-10-2014,23.75
24-10-2014,24.81
25-10-2014,23.48
26-10-2014,23.46
27-10-2014,22.65
28-10-2014,23.35
29-10-2014,23
30-10-2014,23.09
31-10-2014,24.38
01-11-2014,22.49
02-11-2014,22.27
03-11-2014,20.42
04-11-2014,20.32
05-11-2014,18.65
06-11-2014,20.37
07-11-2014,20.14
08-11-2014,18.18
09-11-2014,20.65
10-11-2014,16.83
11-11-2014,18.48
12-11-2014,16.41
13-11-2014,18.46
14-11-2014,17.8
15-11-2014,16.49
16-11-2014,17.29
17-11-2014,15.57
18-11-2014,17.76
19-11-2014,18.59
20-11-2014,17.7
21-11-2014,17.7
22-11-2014,17.98
23-11-2014,18.69
24-11-2014,20.08
25-11-2014,20.19
26-11-2014,21.89
27-11-2014,18.36
28-11-2014,19
29-11-2014,18.28
30-11-2014,17.88
01-12-2014,18.54
02-12-2014,16.39
03-12-2014,17.33
04-12-2014,17.49
05-12-2014,18
06-12-2014,15.32
07-12-2014,15.2
08-12-2014,16.17
09-12-2014,16.61
10-12-2014,15.35
11-12-2014,16.13
12-12-2014,17.22
13-12-2014,16.29
14-12-2014,16.63
15-12-2014,15.04
16-12-2014,15.1
17-12-2014,15.34
18-12-2014,14.88
19-12-2014,15.96
20-12-2014,14.61
21-12-2014,15.49
22-12-2014,14.95
23-12-2014,13.68
24-12-2014,13.23
25-12-2014,14.08
26-12-2014,12.49
27-12-2014,11.99
28-12-2014,10.33
29-12-2014,10.57
30-12-2014,12.13
31-12-2014,14.5
01-01-2015,12.71
02-01-2015,11.55
03-01-2015,12.88
04-01-2015,12.23
05-01-2015,12.87
06-01-2015,11.54
07-01-2015,12.51
08-01-2015,11.99
09-01-2015,12.96
10-01-2015,12.25
11-01-2015,12
12-01-2015,13.39
13-01-2015,14
14-01-2015,15.32
15-01-2015,12.6
16-01-2015,11.92
17-01-2015,12
18-01-2015,12.88
19-01-2015,14.65
20-01-2015,14.33
21-01-2015,13.84
22-01-2015,14.64
23-01-2015,15.78
24-01-2015,13.32
25-01-2015,11.28
26-01-2015,14.95
27-01-2015,16.96
28-01-2015,16.29
29-01-2015,14.88
30-01-2015,14.21
31-01-2015,14.01
01-02-2015,13.72
02-02-2015,15.25
03-02-2015,17.88
04-02-2015,18.67
05-02-2015,17.51
06-02-2015,19.24
07-02-2015,19.43
08-02-2015,13.08
09-02-2015,12.36
10-02-2015,13.13
11-02-2015,14.04
12-02-2015,13.78
13-02-2015,14.49
14-02-2015,12.48
15-02-2015,12.62
16-02-2015,13.1
17-02-2015,15.28
18-02-2015,14.79
19-02-2015,15.88
20-02-2015,16.45
21-02-2015,16.95
22-02-2015,16.63
23-02-2015,17.33
24-02-2015,17.03
25-02-2015,18.31
26-02-2015,18.38
27-02-2015,18.63
28-02-2015,15.47
01-03-2015,16.3
02-03-2015,16.77
03-03-2015,17.52
04-03-2015,18.38
05-03-2015,18.69
06-03-2015,18.93
07-03-2015,17.58
08-03-2015,19.88
09-03-2015,21.12
10-03-2015,21
11-03-2015,21.75
12-03-2015,20
13-03-2015,19.76
14-03-2015,18.84
15-03-2015,21.84
16-03-2015,22.66
17-03-2015,25.2
18-03-2015,24.86
19-03-2015,21.1
20-03-2015,21.93
21-03-2015,22.05
22-03-2015,24.5
23-03-2015,23.21
24-03-2015,23.05
25-03-2015,25.86
26-03-2015,24.12
27-03-2015,24.21
28-03-2015,24.43
29-03-2015,25.88
30-03-2015,24.37
31-03-2015,23.4
01-04-2015,24.38
02-04-2015,26.48
03-04-2015,24.5
04-04-2015,25.86
05-04-2015,28.74
06-04-2015,30.13
07-04-2015,26.16
08-04-2015,27.04
09-04-2015,24.46
10-04-2015,26.64
11-04-2015,29.55
12-04-2015,27.67
13-04-2015,25.53
14-04-2015,28.18
15-04-2015,29.87
16-04-2015,27.67
17-04-2015,26.11
18-04-2015,23.28
19-04-2015,24.34
20-04-2015,26.73
21-04-2015,26.6
22-04-2015,28.49
23-04-2015,28.25
24-04-2015,28.79
25-04-2015,30.32
26-04-2015,31.19
27-04-2015,29.4
28-04-2015,29.93
29-04-2015,31.16
30-04-2015,32.92
01-05-2015,35.92
02-05-2015,34.38
03-05-2015,31.12
04-05-2015,30.92
05-05-2015,30.94
06-05-2015,28.68
07-05-2015,32.39
08-05-2015,32.94
09-05-2015,32.03
10-05-2015,29.1
11-05-2015,29.63
12-05-2015,28.84
13-05-2015,26.26
14-05-2015,27.95
15-05-2015,30.98
16-05-2015,31.75
17-05-2015,28.68
18-05-2015,31.5
19-05-2015,33.99
20-05-2015,29.57
21-05-2015,31.35
22-05-2015,34.25
23-05-2015,34.63
24-05-2015,30.87
25-05-2015,30.24
26-05-2015,30.73
27-05-2015,33.15
28-05-2015,34.63
29-05-2015,37.01
30-05-2015,34.12
31-05-2015,32.89
01-06-2015,32.1
02-06-2015,33.08
03-06-2015,34.53
04-06-2015,36.31
05-06-2015,37.98
06-06-2015,36.75
07-06-2015,39.27
08-06-2015,37.63
09-06-2015,38.63
10-06-2015,37.25
11-06-2015,35.74
12-06-2015,33.53
13-06-2015,31.76
14-06-2015,30.81
15-06-2015,35.57
16-06-2015,37.83
17-06-2015,36.88
18-06-2015,34.89
19-06-2015,37.54
20-06-2015,39.52
21-06-2015,37.24
22-06-2015,36.23
23-06-2015,30.52
24-06-2015,33.33
25-06-2015,31.61
26-06-2015,33.8
27-06-2015,36.49
28-06-2015,34.18
29-06-2015,33.66
30-06-2015,31.04
01-07-2015,32
02-07-2015,30.09
03-07-2015,28.59
04-07-2015,31.07
05-07-2015,32.97
06-07-2015,29.4
07-07-2015,32.3
08-07-2015,35.35
09-07-2015,35.64
10-07-2015,34.32
11-07-2015,36.99
12-07-2015,35.88
13-07-2015,32.89
14-07-2015,33.99
15-07-2015,34.78
16-07-2015,31.32
17-07-2015,31.37
18-07-2015,28.61
19-07-2015,29.58
20-07-2015,29.33
21-07-2015,31.8
22-07-2015,32.57
23-07-2015,30.01
24-07-2015,31.72
25-07-2015,31.67
26-07-2015,31.85
27-07-2015,31.71
28-07-2015,30.3
29-07-2015,29.04
30-07-2015,30.6
31-07-2015,31.85
01-08-2015,33.92
02-08-2015,30.43
03-08-2015,30.24
04-08-2015,30.81
05-08-2015,31.24
06-08-2015,31.16
07-08-2015,29.88
08-08-2015,30.69
09-08-2015,30.4
10-08-2015,27.93
11-08-2015,29.88
12-08-2015,32.77
13-08-2015,31.48
14-08-2015,30.38
15-08-2015,31.75
16-08-2015,31.34
17-08-2015,31.06
18-08-2015,33.15
19-08-2015,33.33
20-08-2015,32.59
21-08-2015,32.5
22-08-2015,33.99
23-08-2015,34.45
24-08-2015,33.13
25-08-2015,32.86
26-08-2015,33.44
27-08-2015,32.16
28-08-2015,29.33
29-08-2015,31.89
30-08-2015,30.06
31-08-2015,26.24
01-09-2015,29.13
02-09-2015,27.79
03-09-2015,28.63
04-09-2015,27.32
05-09-2015,25.44
06-09-2015,29.36
07-09-2015,31.62
08-09-2015,32.5
09-09-2015,30.07
10-09-2015,30.19
11-09-2015,25.51
12-09-2015,29.64
13-09-2015,29.38
14-09-2015,28.25
15-09-2015,30.81
16-09-2015,30.93
17-09-2015,30.93
18-09-2015,30.2
19-09-2015,32.55
20-09-2015,32.06
21-09-2015,31.42
22-09-2015,31.54
23-09-2015,30.07
24-09-2015,30.22
25-09-2015,29.1
26-09-2015,30.3
27-09-2015,29.59
28-09-2015,29.65
29-09-2015,31.42
30-09-2015,30.01
01-10-2015,29.21
02-10-2015,30.38
03-10-2015,31.11
04-10-2015,29.76
05-10-2015,32.16
06-10-2015,32.16
07-10-2015,31
08-10-2015,27.31
09-10-2015,27.63
10-10-2015,26.04
11-10-2015,26.49
12-10-2015,25.74
13-10-2015,27.63
14-10-2015,25.73
15-10-2015,23.28
16-10-2015,23.23
17-10-2015,23.75
18-10-2015,24.24
19-10-2015,22.8
20-10-2015,25.25
21-10-2015,26.14
22-10-2015,25.24
23-10-2015,24.49
24-10-2015,24.23
25-10-2015,23.99
26-10-2015,24.37
27-10-2015,24.13
28-10-2015,24.12
29-10-2015,23.51
30-10-2015,24.11
31-10-2015,23.14
01-11-2015,22.95
02-11-2015,23.33
03-11-2015,23.84
04-11-2015,24.1
05-11-2015,22.3
06-11-2015,23.46
07-11-2015,23.28
08-11-2015,25.07
09-11-2015,23.16
10-11-2015,20.73
11-11-2015,19.83
12-11-2015,20.21
13-11-2015,18.13
14-11-2015,17.46
15-11-2015,19
16-11-2015,17.34
17-11-2015,18.28
18-11-2015,16.92
19-11-2015,17.5
20-11-2015,21.19
21-11-2015,17.52
22-11-2015,19.08
23-11-2015,17.3
24-11-2015,16.71
25-11-2015,16.83
26-11-2015,18.64
27-11-2015,17.94
28-11-2015,20.34
29-11-2015,19.24
30-11-2015,19.16
01-12-2015,21
02-12-2015,20.95
03-12-2015,24.75
04-12-2015,21.25
05-12-2015,18.46
06-12-2015,17.34
07-12-2015,17.08
08-12-2015,17.17
09-12-2015,14.67
10-12-2015,22.58
11-12-2015,18.84
12-12-2015,17.15
13-12-2015,16.16
14-12-2015,16.71
15-12-2015,17.12
16-12-2015,16.86
17-12-2015,12.62
18-12-2015,11.75
19-12-2015,11.63
20-12-2015,10.69
21-12-2015,9.12
22-12-2015,9.84
23-12-2015,9.91
24-12-2015,10.27
25-12-2015,9.16
26-12-2015,10.54
27-12-2015,10.58
28-12-2015,9
29-12-2015,10.68
30-12-2015,11.86
31-12-2015,12.13
01-01-2016,15.19
02-01-2016,14.43
03-01-2016,14.52
04-01-2016,14.13
05-01-2016,13.3
06-01-2016,11.88
07-01-2016,9.14
08-01-2016,9.8
09-01-2016,10.41
10-01-2016,11.13
11-01-2016,11.44
12-01-2016,10.94
13-01-2016,12.62
14-01-2016,11.4
15-01-2016,12.13
16-01-2016,13.39
17-01-2016,12.96
18-01-2016,13
19-01-2016,13.61
20-01-2016,13.64
21-01-2016,13.12
22-01-2016,13
23-01-2016,14.63
24-01-2016,12.87
25-01-2016,13.25
26-01-2016,13.61
27-01-2016,12.72
28-01-2016,11.6
29-01-2016,11.5
30-01-2016,12.88
31-01-2016,13.06
01-02-2016,15.15
02-02-2016,17.9
03-02-2016,15.91
04-02-2016,15.36
05-02-2016,15.36
06-02-2016,15.43
07-02-2016,16.35
08-02-2016,16.63
09-02-2016,17.72
10-02-2016,15.28
11-02-2016,16.32
12-02-2016,15.66
13-02-2016,17.77
14-02-2016,18.41
15-02-2016,18.12
16-02-2016,20.83
17-02-2016,20.09
18-02-2016,20.83
19-02-2016,23.89
20-02-2016,23.66
21-02-2016,21.66
22-02-2016,23.25
23-02-2016,22.58
24-02-2016,23.33
25-02-2016,21.97
26-02-2016,20.8
27-02-2016,18.87
28-02-2016,21.04
29-02-2016,17.72
01-03-2016,18.03
02-03-2016,17.06
03-03-2016,16.92
04-03-2016,18.56
05-03-2016,19.4
06-03-2016,18.74
07-03-2016,18.72
08-03-2016,18.67
09-03-2016,17.75
10-03-2016,18.98
11-03-2016,20.5
12-03-2016,20.73
13-03-2016,20.64
14-03-2016,17.1
15-03-2016,20.45
16-03-2016,20.04
17-03-2016,20.86
18-03-2016,20.07
19-03-2016,23.4
20-03-2016,25.12
21-03-2016,24.12
22-03-2016,24.75
23-03-2016,26.27
24-03-2016,25.56
25-03-2016,29.07
26-03-2016,27.92
27-03-2016,26.19
28-03-2016,24.5
29-03-2016,22.33
30-03-2016,24.24
31-03-2016,26.43
01-04-2016,27.57
02-04-2016,23.28
03-04-2016,19.95
04-04-2016,22.39
05-04-2016,26.25
06-04-2016,24.46
07-04-2016,26.91
08-04-2016,26.78
09-04-2016,27.94
10-04-2016,26.84
11-04-2016,23.4
12-04-2016,24.75
13-04-2016,27.56
14-04-2016,28.45
15-04-2016,24.49
16-04-2016,29.53
17-04-2016,30.73
18-04-2016,30.84
19-04-2016,32.22
20-04-2016,31.12
21-04-2016,32.29
22-04-2016,29.21
23-04-2016,29.88
24-04-2016,30.5
25-04-2016,27.31
26-04-2016,29.52
27-04-2016,31.62
28-04-2016,31.88
29-04-2016,33.28
30-04-2016,30.31
01-05-2016,29.22
02-05-2016,32.55
03-05-2016,29.95
04-05-2016,31.8
05-05-2016,34.81
06-05-2016,34.72
07-05-2016,33.1
08-05-2016,34.07
09-05-2016,35.83
10-05-2016,32.64
11-05-2016,34.78
12-05-2016,26.92
13-05-2016,29.33
14-05-2016,27.93
15-05-2016,29.7
16-05-2016,33.25
17-05-2016,35.38
18-05-2016,33.08
19-05-2016,33.79
20-05-2016,35.98
21-05-2016,37.7
22-05-2016,37.38
23-05-2016,36.72
24-05-2016,35.86
25-05-2016,34.55
26-05-2016,33.75
27-05-2016,34.75
28-05-2016,36.88
29-05-2016,30.64
30-05-2016,35.62
31-05-2016,29.08
01-06-2016,30.68
02-06-2016,29.48
03-06-2016,31.56
04-06-2016,31.65
05-06-2016,33.04
06-06-2016,36.05
07-06-2016,37.6
08-06-2016,36.87
09-06-2016,35.53
10-06-2016,36.34
11-06-2016,35.52
12-06-2016,30.5
13-06-2016,27.81
14-06-2016,31.93
15-06-2016,31.4
16-06-2016,35.23
17-06-2016,35.13
18-06-2016,34.44
19-06-2016,33.13
20-06-2016,30.07
21-06-2016,32.77
22-06-2016,32.45
23-06-2016,36.51
24-06-2016,27.42
25-06-2016,29.57
26-06-2016,32.95
27-06-2016,33.91
28-06-2016,30.19
29-06-2016,32.42
30-06-2016,31.68
01-07-2016,34.76
02-07-2016,32.34
03-07-2016,32.42
04-07-2016,35.71
05-07-2016,28.71
06-07-2016,27
07-07-2016,30.94
08-07-2016,29.33
09-07-2016,27.42
10-07-2016,24.23
11-07-2016,25.5
12-07-2016,29.28
13-07-2016,30.26
14-07-2016,31.71
15-07-2016,30.8
16-07-2016,31.06
17-07-2016,28.03
18-07-2016,29.82
19-07-2016,27.67
20-07-2016,30.75
21-07-2016,33.54
22-07-2016,31.48
23-07-2016,30.4
24-07-2016,30.55
25-07-2016,28.8
26-07-2016,28.14
27-07-2016,30.68
28-07-2016,27.36
29-07-2016,29.58
30-07-2016,28.42
31-07-2016,29.38
01-08-2016,31.11
02-08-2016,32.76
03-08-2016,28.84
04-08-2016,28.71
05-08-2016,30.39
06-08-2016,29.25
07-08-2016,27.43
08-08-2016,26.55
09-08-2016,30.07
10-08-2016,28.66
11-08-2016,29.21
12-08-2016,31.36
13-08-2016,31.8
14-08-2016,27.65
15-08-2016,28.34
16-08-2016,30.44
17-08-2016,28.25
18-08-2016,31.56
19-08-2016,30.44
20-08-2016,28.79
21-08-2016,29.04
22-08-2016,30.47
23-08-2016,30.75
24-08-2016,31.36
25-08-2016,31.68
26-08-2016,31.2
27-08-2016,33.28
28-08-2016,32.25
29-08-2016,33.6
30-08-2016,33.45
31-08-2016,31.48
01-09-2016,31.88
02-09-2016,30.68
03-09-2016,30.4
04-09-2016,29.64
05-09-2016,30.94
06-09-2016,30.56
07-09-2016,32.26
08-09-2016,31
09-09-2016,30.94
10-09-2016,31.06
11-09-2016,33.75
12-09-2016,33.09
13-09-2016,32.51
14-09-2016,31.68
15-09-2016,31.08
16-09-2016,32
17-09-2016,31
18-09-2016,29.71
19-09-2016,28.27
20-09-2016,31.63
21-09-2016,28.74
22-09-2016,28.91
23-09-2016,28.82
24-09-2016,27.36
25-09-2016,29.25
26-09-2016,29.58
27-09-2016,27.12
28-09-2016,29.87
29-09-2016,28.42
30-09-2016,27.56
01-10-2016,29.7
02-10-2016,31.5
03-10-2016,27.84
04-10-2016,29.45
05-10-2016,26.96
06-10-2016,27.48
07-10-2016,28.94
08-10-2016,29.07
09-10-2016,27.65
10-10-2016,30
11-10-2016,29.54
12-10-2016,29.5
13-10-2016,28.13
14-10-2016,26.95
15-10-2016,28.71
16-10-2016,27.72
17-10-2016,26.32
18-10-2016,28.14
19-10-2016,27.44
20-10-2016,25.97
21-10-2016,25.99
22-10-2016,24.96
23-10-2016,25.12
24-10-2016,25.85
25-10-2016,24.34
26-10-2016,25
27-10-2016,21.5
28-10-2016,21.02
29-10-2016,22.82
30-10-2016,23.27
31-10-2016,22.88
01-11-2016,22.44
02-11-2016,23.76
03-11-2016,23.99
04-11-2016,23.23
05-11-2016,22.65
06-11-2016,21.66
07-11-2016,21.22
08-11-2016,21.53
09-11-2016,21.84
10-11-2016,22.09
11-11-2016,22.31
12-11-2016,22.15
13-11-2016,23.27
14-11-2016,21.38
15-11-2016,20.78
16-11-2016,20.07
17-11-2016,17.58
18-11-2016,18.87
19-11-2016,17.95
20-11-2016,17.81
21-11-2016,18.07
22-11-2016,16.32
23-11-2016,19.06
24-11-2016,19.18
25-11-2016,20.2
26-11-2016,18.69
27-11-2016,18.19
28-11-2016,17.4
29-11-2016,18.72
30-11-2016,19.83
01-12-2016,18.85
02-12-2016,17.45
03-12-2016,18.51
04-12-2016,17.85
05-12-2016,16.61
06-12-2016,17.1
07-12-2016,17.51
08-12-2016,18.56
09-12-2016,18.81
10-12-2016,17.08
11-12-2016,12.85
12-12-2016,13.39
13-12-2016,13.91
14-12-2016,12.73
15-12-2016,12.48
16-12-2016,11.64
17-12-2016,12.75
18-12-2016,12.99
19-12-2016,11.99
20-12-2016,13
21-12-2016,11.52
22-12-2016,12.25
23-12-2016,11.59
24-12-2016,11.27
25-12-2016,12.62
26-12-2016,15.99
27-12-2016,17.3
28-12-2016,17.19
29-12-2016,15.19
30-12-2016,14.7
31-12-2016,15.3
01-01-2017,13.58
02-01-2017,14.81
03-01-2017,14.96
04-01-2017,15.99
05-01-2017,17.72
06-01-2017,16.78
07-01-2017,14.88
08-01-2017,15.06
09-01-2017,16.41
10-01-2017,16.22
11-01-2017,17.46
12-01-2017,18.81
13-01-2017,15.25
14-01-2017,13.13
15-01-2017,13.33
16-01-2017,13.44
17-01-2017,13.8
18-01-2017,12.85
19-01-2017,11.95
20-01-2017,12.68
21-01-2017,12.2
22-01-2017,14.73
23-01-2017,11.75
24-01-2017,12.13
25-01-2017,14.56
26-01-2017,17.23
27-01-2017,17.36
28-01-2017,18.78
29-01-2017,19.14
30-01-2017,18.07
31-01-2017,16.32
01-02-2017,15.88
02-02-2017,13.52
03-02-2017,15.71
04-02-2017,13.3
05-02-2017,14.57
06-02-2017,15.94
07-02-2017,17.26
08-02-2017,16.88
09-02-2017,17.59
10-02-2017,20.28
11-02-2017,19.2
12-02-2017,16.38
13-02-2017,18.35
14-02-2017,17.07
15-02-2017,17.3
16-02-2017,17.78
17-02-2017,19.08
18-02-2017,24.08
19-02-2017,24.57
20-02-2017,20.37
21-02-2017,20.79
22-02-2017,22.29
23-02-2017,21.47
24-02-2017,22.11
25-02-2017,21.89
26-02-2017,23.71
27-02-2017,23.92
28-02-2017,22.92
01-03-2017,24.67
02-03-2017,24.43
03-03-2017,24.96
04-03-2017,26.77
05-03-2017,23.45
06-03-2017,22.13
07-03-2017,22.53
08-03-2017,24.37
09-03-2017,24.24
10-03-2017,25.56
11-03-2017,25.07
12-03-2017,24.32
13-03-2017,24.49
14-03-2017,23.27
15-03-2017,23.34
16-03-2017,23.46
17-03-2017,25.79
18-03-2017,25.66
19-03-2017,27.59
20-03-2017,27.13
21-03-2017,27.42
22-03-2017,26.07
23-03-2017,26.2
24-03-2017,27.01
25-03-2017,28.38
26-03-2017,23.93
27-03-2017,26.25
28-03-2017,25.93
29-03-2017,26.31
30-03-2017,28.98
31-03-2017,31.5
01-04-2017,30.88
02-04-2017,33.93
03-04-2017,34.98
04-04-2017,32.81
05-04-2017,33.28
06-04-2017,31.38
07-04-2017,31.43
08-04-2017,27.8
09-04-2017,31.35
10-04-2017,31.61
11-04-2017,30.1
12-04-2017,29.6
13-04-2017,32.07
14-04-2017,34.45
15-04-2017,31.94
16-04-2017,35.69
17-04-2017,33.63
18-04-2017,34.63
19-04-2017,35.36
20-04-2017,33.72
21-04-2017,35.7
22-04-2017,34.58
23-04-2017,33.19
24-04-2017,31.31
25-04-2017,30.16
26-04-2017,31.77
27-04-2017,31.47
28-04-2017,32.79
29-04-2017,35.77
30-04-2017,33.72
01-05-2017,35.38
02-05-2017,36.48
03-05-2017,34.79
04-05-2017,35.4
05-05-2017,31.82
06-05-2017,31.12
07-05-2017,34.65
08-05-2017,36.89
09-05-2017,31.86
10-05-2017,33.32
11-05-2017,30.88
12-05-2017,36.44
13-05-2017,37.67
14-05-2017,35.47
15-05-2017,35.76
16-05-2017,38.7
17-05-2017,39
18-05-2017,36.24
19-05-2017,37.38
20-05-2017,39.27
21-05-2017,35.41
22-05-2017,37.54
23-05-2017,31.25
24-05-2017,32.16
25-05-2017,32.89
26-05-2017,35.27
27-05-2017,37.51
28-05-2017,34.62
29-05-2017,32.45
30-05-2017,27.35
31-05-2017,33.62
01-06-2017,37.44
02-06-2017,37.19
03-06-2017,37.19
04-06-2017,39.73
05-06-2017,37.97
06-06-2017,37.2
07-06-2017,36.36
08-06-2017,34.99
09-06-2017,33.95
10-06-2017,37.58
11-06-2017,34.78
12-06-2017,33.73
13-06-2017,37.08
14-06-2017,34.26
15-06-2017,34.73
16-06-2017,32.16
17-06-2017,35.56
18-06-2017,37.65
19-06-2017,35.27
20-06-2017,29.39
21-06-2017,32.55
22-06-2017,33.46
23-06-2017,33.85
24-06-2017,35.34
25-06-2017,36.14
26-06-2017,35.91
27-06-2017,34.31
28-06-2017,30.48
29-06-2017,35.38
30-06-2017,35.11
01-07-2017,33.41
02-07-2017,28.68
03-07-2017,29.27
04-07-2017,30.69
05-07-2017,32.92
06-07-2017,32.27
07-07-2017,33.17
08-07-2017,29.88
09-07-2017,31.59
10-07-2017,33.21
11-07-2017,33.08
12-07-2017,32.03
13-07-2017,30.94
14-07-2017,29.83
15-07-2017,29.76
16-07-2017,28.21
17-07-2017,27.56
18-07-2017,28.22
19-07-2017,31.99
20-07-2017,32.48
21-07-2017,35.16
22-07-2017,34.13
23-07-2017,30.6
24-07-2017,31.44
25-07-2017,30.34
26-07-2017,30.92
27-07-2017,28.03
28-07-2017,29.53
29-07-2017,26.83
30-07-2017,25.97
31-07-2017,29.27
01-08-2017,29.42
02-08-2017,29.15
03-08-2017,31.26
04-08-2017,34.1
05-08-2017,33.46
06-08-2017,28.86
07-08-2017,33.12
08-08-2017,33.47
09-08-2017,32.25
10-08-2017,32.32
11-08-2017,28.67
12-08-2017,28.75
13-08-2017,31.23
14-08-2017,30.09
15-08-2017,31.05
16-08-2017,30.08
17-08-2017,31.13
18-08-2017,30.79
19-08-2017,33.03
20-08-2017,34.51
21-08-2017,32.86
22-08-2017,33.79
23-08-2017,31.17
24-08-2017,29.27
25-08-2017,30.89
26-08-2017,32.47
27-08-2017,32.74
28-08-2017,34.07
29-08-2017,30.46
30-08-2017,30.34
31-08-2017,26.99
01-09-2017,27.96
02-09-2017,29.82
03-09-2017,30.59
04-09-2017,30.11
05-09-2017,31.7
06-09-2017,28.86
07-09-2017,29.86
08-09-2017,31.6
09-09-2017,29.64
10-09-2017,32.48
11-09-2017,32.55
12-09-2017,30.38
13-09-2017,33.83
14-09-2017,30.55
15-09-2017,33.31
16-09-2017,32.03
17-09-2017,33.6
18-09-2017,31.61
19-09-2017,32.05
20-09-2017,32.44
21-09-2017,33.03
22-09-2017,31.24
23-09-2017,30.38
24-09-2017,32.18
25-09-2017,30.82
26-09-2017,29.91
27-09-2017,31.22
28-09-2017,33.41
29-09-2017,33.52
30-09-2017,32.54
01-10-2017,33.84
02-10-2017,33.47
03-10-2017,32.94
04-10-2017,31.78
05-10-2017,29.12
06-10-2017,29.78
07-10-2017,30.03
08-10-2017,30.29
09-10-2017,32.47
10-10-2017,29.48
11-10-2017,30.56
12-10-2017,29.28
13-10-2017,31.16
14-10-2017,30.35
15-10-2017,28.57
16-10-2017,29.85
17-10-2017,29.46
18-10-2017,29.64
19-10-2017,28.06
20-10-2017,27.62
21-10-2017,27.27
22-10-2017,27.87
23-10-2017,26.13
24-10-2017,27.36
25-10-2017,27.2
26-10-2017,27.58
27-10-2017,26.56
28-10-2017,26.54
29-10-2017,24.52
30-10-2017,24.83
31-10-2017,24.29
01-11-2017,25.6
02-11-2017,23.49
03-11-2017,26.41
04-11-2017,25.56
05-11-2017,22.42
06-11-2017,22.7
07-11-2017,23.81
08-11-2017,22.54
09-11-2017,22.31
10-11-2017,23.75
11-11-2017,24.4
12-11-2017,24.72
13-11-2017,23.57
14-11-2017,24.28
15-11-2017,23.13
16-11-2017,21.33
17-11-2017,20.86
18-11-2017,20.86
19-11-2017,20.25
20-11-2017,21.36
21-11-2017,21.75
22-11-2017,22.8
23-11-2017,22.83
24-11-2017,21.64
25-11-2017,23.13
26-11-2017,23.32
27-11-2017,24.58
28-11-2017,23.58
29-11-2017,20.75
30-11-2017,20.07
01-12-2017,19.55
02-12-2017,19.4
03-12-2017,22.06
04-12-2017,18.9
05-12-2017,18.08
06-12-2017,19.09
07-12-2017,18.43
08-12-2017,17.41
09-12-2017,20.19
10-12-2017,16.12
11-12-2017,19.84
12-12-2017,19.11
13-12-2017,18.67
14-12-2017,17.63
15-12-2017,17.26
16-12-2017,16.47
17-12-2017,17.33
18-12-2017,15.76
19-12-2017,18.75
20-12-2017,20
21-12-2017,17.33
22-12-2017,16.77
23-12-2017,15.71
24-12-2017,17.84
25-12-2017,13.72
26-12-2017,17.31
27-12-2017,17.36
28-12-2017,17.39
29-12-2017,14.78
30-12-2017,13.81
31-12-2017,15.65
01-01-2018,10.5
