ID,default
3,0.5
8,0.5
12,0.5
24,0.5
34,0.5
35,0.5
39,0.5
40,0.5
42,0.5
48,0.5
53,0.5
59,0.5
62,0.5
65,0.5
67,0.5
70,0.5
72,0.5
74,0.5
78,0.5
80,0.5
82,0.5
83,0.5
84,0.5
85,0.5
88,0.5
89,0.5
91,0.5
92,0.5
97,0.5
103,0.5
111,0.5
112,0.5
118,0.5
120,0.5
131,0.5
133,0.5
135,0.5
136,0.5
140,0.5
142,0.5
148,0.5
150,0.5
154,0.5
155,0.5
157,0.5
158,0.5
160,0.5
166,0.5
170,0.5
174,0.5
179,0.5
180,0.5
187,0.5
205,0.5
208,0.5
210,0.5
211,0.5
212,0.5
214,0.5
217,0.5
221,0.5
223,0.5
228,0.5
230,0.5
235,0.5
239,0.5
240,0.5
247,0.5
248,0.5
254,0.5
258,0.5
261,0.5
263,0.5
265,0.5
268,0.5
276,0.5
282,0.5
283,0.5
285,0.5
286,0.5
293,0.5
297,0.5
299,0.5
312,0.5
313,0.5
317,0.5
321,0.5
323,0.5
325,0.5
336,0.5
337,0.5
339,0.5
347,0.5
351,0.5
355,0.5
365,0.5
373,0.5
376,0.5
383,0.5
390,0.5
393,0.5
395,0.5
396,0.5
399,0.5
400,0.5
407,0.5
409,0.5
414,0.5
415,0.5
418,0.5
425,0.5
426,0.5
427,0.5
431,0.5
433,0.5
437,0.5
441,0.5
443,0.5
446,0.5
449,0.5
450,0.5
458,0.5
460,0.5
462,0.5
463,0.5
472,0.5
480,0.5
484,0.5
487,0.5
493,0.5
494,0.5
495,0.5
503,0.5
505,0.5
523,0.5
524,0.5
529,0.5
537,0.5
541,0.5
546,0.5
548,0.5
552,0.5
560,0.5
564,0.5
565,0.5
566,0.5
568,0.5
573,0.5
579,0.5
580,0.5
586,0.5
587,0.5
592,0.5
593,0.5
595,0.5
601,0.5
605,0.5
607,0.5
616,0.5
617,0.5
623,0.5
627,0.5
629,0.5
631,0.5
632,0.5
636,0.5
638,0.5
641,0.5
642,0.5
645,0.5
654,0.5
655,0.5
656,0.5
657,0.5
660,0.5
662,0.5
665,0.5
672,0.5
676,0.5
680,0.5
684,0.5
689,0.5
693,0.5
695,0.5
697,0.5
702,0.5
708,0.5
712,0.5
713,0.5
715,0.5
733,0.5
736,0.5
737,0.5
738,0.5
748,0.5
751,0.5
752,0.5
754,0.5
757,0.5
758,0.5
760,0.5
761,0.5
765,0.5
767,0.5
768,0.5
775,0.5
781,0.5
782,0.5
794,0.5
796,0.5
797,0.5
800,0.5
801,0.5
805,0.5
814,0.5
816,0.5
817,0.5
821,0.5
829,0.5
832,0.5
836,0.5
841,0.5
842,0.5
845,0.5
848,0.5
850,0.5
853,0.5
857,0.5
861,0.5
863,0.5
864,0.5
865,0.5
870,0.5
871,0.5
872,0.5
876,0.5
879,0.5
881,0.5
888,0.5
896,0.5
900,0.5
911,0.5
913,0.5
931,0.5
934,0.5
935,0.5
943,0.5
944,0.5
945,0.5
949,0.5
950,0.5
952,0.5
953,0.5
956,0.5
957,0.5
962,0.5
965,0.5
968,0.5
973,0.5
978,0.5
979,0.5
982,0.5
984,0.5
993,0.5
994,0.5
996,0.5
1000,0.5
1011,0.5
1012,0.5
1022,0.5
1023,0.5
1025,0.5
1028,0.5
1029,0.5
1031,0.5
1033,0.5
1043,0.5
1044,0.5
1053,0.5
1058,0.5
1073,0.5
1076,0.5
1080,0.5
1081,0.5
1085,0.5
1094,0.5
1103,0.5
1104,0.5
1105,0.5
1118,0.5
1120,0.5
1125,0.5
1126,0.5
1127,0.5
1128,0.5
1130,0.5
1135,0.5
1140,0.5
1147,0.5
1150,0.5
1154,0.5
1156,0.5
1157,0.5
1159,0.5
1164,0.5
1168,0.5
1171,0.5
1172,0.5
1176,0.5
1178,0.5
1180,0.5
1182,0.5
1183,0.5
1188,0.5
1194,0.5
1197,0.5
1200,0.5
1218,0.5
1224,0.5
1225,0.5
1229,0.5
1239,0.5
1240,0.5
1242,0.5
1243,0.5
1252,0.5
1262,0.5
1265,0.5
1270,0.5
1271,0.5
1276,0.5
1277,0.5
1282,0.5
1283,0.5
1287,0.5
1288,0.5
1289,0.5
1290,0.5
1291,0.5
1295,0.5
1301,0.5
1302,0.5
1312,0.5
1319,0.5
1323,0.5
1326,0.5
1332,0.5
1340,0.5
1342,0.5
1348,0.5
1352,0.5
1356,0.5
1360,0.5
1361,0.5
1364,0.5
1365,0.5
1368,0.5
1371,0.5
1377,0.5
1384,0.5
1385,0.5
1387,0.5
1393,0.5
1395,0.5
1396,0.5
1398,0.5
1409,0.5
1419,0.5
1421,0.5
1425,0.5
1429,0.5
1436,0.5
1439,0.5
1441,0.5
1443,0.5
1453,0.5
1454,0.5
1459,0.5
1460,0.5
1468,0.5
1471,0.5
1475,0.5
1479,0.5
1486,0.5
1497,0.5
1508,0.5
1510,0.5
1520,0.5
1526,0.5
1527,0.5
1530,0.5
1541,0.5
1549,0.5
1550,0.5
1556,0.5
1558,0.5
1559,0.5
1560,0.5
1561,0.5
1563,0.5
1568,0.5
1572,0.5
1578,0.5
1580,0.5
1582,0.5
1585,0.5
1591,0.5
1592,0.5
1597,0.5
1598,0.5
1601,0.5
1602,0.5
1618,0.5
1623,0.5
1637,0.5
1640,0.5
1642,0.5
1643,0.5
1644,0.5
1648,0.5
1654,0.5
1658,0.5
1659,0.5
1667,0.5
1671,0.5
1672,0.5
1675,0.5
1680,0.5
1687,0.5
1690,0.5
1695,0.5
1698,0.5
1704,0.5
1708,0.5
1713,0.5
1720,0.5
1721,0.5
1724,0.5
1727,0.5
1728,0.5
1732,0.5
1741,0.5
1744,0.5
1757,0.5
1760,0.5
1761,0.5
1763,0.5
1767,0.5
1769,0.5
1771,0.5
1772,0.5
1773,0.5
1780,0.5
1782,0.5
1784,0.5
1792,0.5
1795,0.5
1800,0.5
1806,0.5
1807,0.5
1810,0.5
1811,0.5
1816,0.5
1818,0.5
1832,0.5
1837,0.5
1851,0.5
1853,0.5
1855,0.5
1859,0.5
1862,0.5
1867,0.5
1870,0.5
1876,0.5
1878,0.5
1879,0.5
1894,0.5
1898,0.5
1904,0.5
1908,0.5
1911,0.5
1914,0.5
1917,0.5
1918,0.5
1921,0.5
1925,0.5
1926,0.5
1935,0.5
1937,0.5
1941,0.5
1946,0.5
1954,0.5
1965,0.5
1973,0.5
1977,0.5
1987,0.5
1988,0.5
1990,0.5
1998,0.5
2000,0.5
2005,0.5
2006,0.5
2009,0.5
2012,0.5
2014,0.5
2015,0.5
2018,0.5
2020,0.5
2030,0.5
2032,0.5
2039,0.5
2041,0.5
2047,0.5
2052,0.5
2063,0.5
2064,0.5
2073,0.5
2075,0.5
2081,0.5
2083,0.5
2084,0.5
2089,0.5
2094,0.5
2095,0.5
2103,0.5
2104,0.5
2107,0.5
2109,0.5
2111,0.5
2114,0.5
2118,0.5
2124,0.5
2132,0.5
2134,0.5
2146,0.5
2147,0.5
2149,0.5
2151,0.5
2152,0.5
2156,0.5
2158,0.5
2159,0.5
2162,0.5
2163,0.5
2164,0.5
2166,0.5
2168,0.5
2176,0.5
2177,0.5
2179,0.5
2181,0.5
2184,0.5
2186,0.5
2191,0.5
2206,0.5
2209,0.5
2210,0.5
2220,0.5
2224,0.5
2225,0.5
2227,0.5
2228,0.5
2234,0.5
2235,0.5
2236,0.5
2247,0.5
2253,0.5
2254,0.5
2262,0.5
2266,0.5
2268,0.5
2269,0.5
2275,0.5
2277,0.5
2282,0.5
2283,0.5
2290,0.5
2293,0.5
2294,0.5
2295,0.5
2296,0.5
2297,0.5
2298,0.5
2299,0.5
2301,0.5
2310,0.5
2313,0.5
2317,0.5
2321,0.5
2323,0.5
2325,0.5
2326,0.5
2328,0.5
2333,0.5
2334,0.5
2335,0.5
2336,0.5
2339,0.5
2340,0.5
2342,0.5
2343,0.5
2344,0.5
2347,0.5
2348,0.5
2349,0.5
2361,0.5
2372,0.5
2374,0.5
2378,0.5
2379,0.5
2380,0.5
2386,0.5
2387,0.5
2397,0.5
2399,0.5
2414,0.5
2420,0.5
2424,0.5
2426,0.5
2431,0.5
2433,0.5
2438,0.5
2444,0.5
2445,0.5
2451,0.5
2454,0.5
2457,0.5
2460,0.5
2462,0.5
2474,0.5
2475,0.5
2476,0.5
2479,0.5
2481,0.5
2492,0.5
2497,0.5
2500,0.5
2502,0.5
2503,0.5
2506,0.5
2507,0.5
2517,0.5
2521,0.5
2524,0.5
2527,0.5
2531,0.5
2532,0.5
2540,0.5
2541,0.5
2542,0.5
2543,0.5
2546,0.5
2548,0.5
2560,0.5
2561,0.5
2569,0.5
2582,0.5
2591,0.5
2596,0.5
2605,0.5
2607,0.5
2609,0.5
2624,0.5
2625,0.5
2628,0.5
2630,0.5
2634,0.5
2636,0.5
2637,0.5
2642,0.5
2645,0.5
2646,0.5
2650,0.5
2651,0.5
2659,0.5
2662,0.5
2664,0.5
2673,0.5
2674,0.5
2676,0.5
2682,0.5
2684,0.5
2688,0.5
2695,0.5
2697,0.5
2699,0.5
2703,0.5
2704,0.5
2713,0.5
2715,0.5
2717,0.5
2718,0.5
2720,0.5
2723,0.5
2724,0.5
2728,0.5
2731,0.5
2735,0.5
2743,0.5
2744,0.5
2755,0.5
2756,0.5
2763,0.5
2775,0.5
2782,0.5
2789,0.5
2791,0.5
2796,0.5
2801,0.5
2802,0.5
2809,0.5
2812,0.5
2814,0.5
2816,0.5
2820,0.5
2823,0.5
2824,0.5
2828,0.5
2844,0.5
2846,0.5
2853,0.5
2854,0.5
2856,0.5
2862,0.5
2863,0.5
2864,0.5
2869,0.5
2870,0.5
2875,0.5
2877,0.5
2878,0.5
2889,0.5
2890,0.5
2896,0.5
2897,0.5
2900,0.5
2901,0.5
2902,0.5
2907,0.5
2909,0.5
2912,0.5
2917,0.5
2924,0.5
2926,0.5
2928,0.5
2931,0.5
2932,0.5
2937,0.5
2939,0.5
2950,0.5
2953,0.5
2956,0.5
2957,0.5
2965,0.5
2969,0.5
2971,0.5
2976,0.5
2983,0.5
2987,0.5
2993,0.5
2997,0.5
3001,0.5
3003,0.5
3005,0.5
3006,0.5
3008,0.5
3011,0.5
3016,0.5
3019,0.5
3024,0.5
3026,0.5
3028,0.5
3030,0.5
3031,0.5
3032,0.5
3038,0.5
3044,0.5
3047,0.5
3048,0.5
3051,0.5
3052,0.5
3054,0.5
3057,0.5
3067,0.5
3071,0.5
3073,0.5
3081,0.5
3084,0.5
3088,0.5
3089,0.5
3093,0.5
3115,0.5
3116,0.5
3122,0.5
3125,0.5
3128,0.5
3131,0.5
3135,0.5
3136,0.5
3138,0.5
3142,0.5
3144,0.5
3145,0.5
3147,0.5
3160,0.5
3164,0.5
3170,0.5
3175,0.5
3181,0.5
3189,0.5
3190,0.5
3192,0.5
3197,0.5
3199,0.5
3207,0.5
3208,0.5
3210,0.5
3212,0.5
3215,0.5
3225,0.5
3226,0.5
3232,0.5
3235,0.5
3242,0.5
3246,0.5
3248,0.5
3250,0.5
3254,0.5
3267,0.5
3278,0.5
3280,0.5
3291,0.5
3292,0.5
3293,0.5
3296,0.5
3298,0.5
3304,0.5
3319,0.5
3324,0.5
3326,0.5
3332,0.5
3341,0.5
3343,0.5
3344,0.5
3351,0.5
3352,0.5
3362,0.5
3365,0.5
3376,0.5
3377,0.5
3380,0.5
3381,0.5
3388,0.5
3392,0.5
3397,0.5
3403,0.5
3408,0.5
3409,0.5
3410,0.5
3411,0.5
3416,0.5
3418,0.5
3432,0.5
3442,0.5
3443,0.5
3445,0.5
3448,0.5
3449,0.5
3451,0.5
3456,0.5
3457,0.5
3458,0.5
3459,0.5
3471,0.5
3475,0.5
3476,0.5
3477,0.5
3479,0.5
3483,0.5
3485,0.5
3489,0.5
3495,0.5
3496,0.5
3498,0.5
3499,0.5
3500,0.5
3502,0.5
3507,0.5
3514,0.5
3528,0.5
3530,0.5
3535,0.5
3537,0.5
3542,0.5
3543,0.5
3546,0.5
3547,0.5
3548,0.5
3555,0.5
3563,0.5
3565,0.5
3566,0.5
3575,0.5
3582,0.5
3585,0.5
3589,0.5
3593,0.5
3604,0.5
3605,0.5
3613,0.5
3614,0.5
3615,0.5
3620,0.5
3621,0.5
3629,0.5
3631,0.5
3633,0.5
3639,0.5
3644,0.5
3648,0.5
3651,0.5
3656,0.5
3659,0.5
3667,0.5
3670,0.5
3676,0.5
3678,0.5
3679,0.5
3683,0.5
3687,0.5
3692,0.5
3699,0.5
3700,0.5
3701,0.5
3704,0.5
3706,0.5
3710,0.5
3718,0.5
3720,0.5
3723,0.5
3724,0.5
3725,0.5
3732,0.5
3741,0.5
3751,0.5
3766,0.5
3768,0.5
3769,0.5
3770,0.5
3771,0.5
3778,0.5
3797,0.5
3800,0.5
3803,0.5
3807,0.5
3809,0.5
3811,0.5
3816,0.5
3818,0.5
3828,0.5
3832,0.5
3834,0.5
3842,0.5
3848,0.5
3849,0.5
3850,0.5
3853,0.5
3857,0.5
3859,0.5
3862,0.5
3868,0.5
3876,0.5
3880,0.5
3889,0.5
3892,0.5
3900,0.5
3901,0.5
3910,0.5
3920,0.5
3922,0.5
3924,0.5
3926,0.5
3928,0.5
3941,0.5
3946,0.5
3950,0.5
3954,0.5
3956,0.5
3961,0.5
3964,0.5
3965,0.5
3967,0.5
3968,0.5
3969,0.5
3970,0.5
3973,0.5
3976,0.5
3978,0.5
3986,0.5
3991,0.5
4010,0.5
4016,0.5
4021,0.5
4022,0.5
4023,0.5
4025,0.5
4026,0.5
4027,0.5
4032,0.5
4038,0.5
4039,0.5
4052,0.5
4053,0.5
4060,0.5
4063,0.5
4068,0.5
4076,0.5
4077,0.5
4079,0.5
4084,0.5
4088,0.5
4089,0.5
4091,0.5
4104,0.5
4105,0.5
4108,0.5
4110,0.5
4111,0.5
4113,0.5
4118,0.5
4120,0.5
4121,0.5
4122,0.5
4124,0.5
4129,0.5
4140,0.5
4143,0.5
4144,0.5
4145,0.5
4147,0.5
4148,0.5
4155,0.5
4163,0.5
4170,0.5
4181,0.5
4190,0.5
4192,0.5
4199,0.5
4200,0.5
4201,0.5
4204,0.5
4213,0.5
4223,0.5
4225,0.5
4230,0.5
4234,0.5
4237,0.5
4240,0.5
4242,0.5
4246,0.5
4252,0.5
4253,0.5
4254,0.5
4266,0.5
4268,0.5
4270,0.5
4279,0.5
4282,0.5
4286,0.5
4289,0.5
4292,0.5
4294,0.5
4306,0.5
4311,0.5
4315,0.5
4316,0.5
4323,0.5
4324,0.5
4327,0.5
4328,0.5
4329,0.5
4332,0.5
4334,0.5
4335,0.5
4336,0.5
4339,0.5
4340,0.5
4344,0.5
4347,0.5
4348,0.5
4351,0.5
4360,0.5
4363,0.5
4366,0.5
4376,0.5
4377,0.5
4379,0.5
4387,0.5
4391,0.5
4394,0.5
4397,0.5
4398,0.5
4400,0.5
4402,0.5
4404,0.5
4406,0.5
4409,0.5
4411,0.5
4412,0.5
4415,0.5
4417,0.5
4423,0.5
4424,0.5
4428,0.5
4429,0.5
4430,0.5
4431,0.5
4438,0.5
4443,0.5
4448,0.5
4461,0.5
4463,0.5
4464,0.5
4465,0.5
4469,0.5
4470,0.5
4471,0.5
4473,0.5
4484,0.5
4485,0.5
4486,0.5
4491,0.5
4493,0.5
4497,0.5
4505,0.5
4506,0.5
4509,0.5
4511,0.5
4517,0.5
4522,0.5
4525,0.5
4533,0.5
4534,0.5
4535,0.5
4540,0.5
4542,0.5
4550,0.5
4554,0.5
4555,0.5
4557,0.5
4571,0.5
4575,0.5
4577,0.5
4582,0.5
4584,0.5
4592,0.5
4595,0.5
4597,0.5
4603,0.5
4605,0.5
4609,0.5
4613,0.5
4614,0.5
4625,0.5
4629,0.5
4632,0.5
4637,0.5
4639,0.5
4641,0.5
4644,0.5
4646,0.5
4652,0.5
4655,0.5
4673,0.5
4674,0.5
4677,0.5
4678,0.5
4679,0.5
4685,0.5
4692,0.5
4693,0.5
4701,0.5
4706,0.5
4709,0.5
4710,0.5
4711,0.5
4712,0.5
4714,0.5
4717,0.5
4718,0.5
4727,0.5
4730,0.5
4731,0.5
4733,0.5
4737,0.5
4740,0.5
4742,0.5
4743,0.5
4752,0.5
4753,0.5
4762,0.5
4768,0.5
4769,0.5
4773,0.5
4774,0.5
4778,0.5
4780,0.5
4783,0.5
4790,0.5
4792,0.5
4803,0.5
4805,0.5
4806,0.5
4813,0.5
4814,0.5
4818,0.5
4820,0.5
4825,0.5
4829,0.5
4832,0.5
4833,0.5
4842,0.5
4847,0.5
4850,0.5
4859,0.5
4860,0.5
4862,0.5
4866,0.5
4870,0.5
4873,0.5
4881,0.5
4882,0.5
4889,0.5
4900,0.5
4902,0.5
4903,0.5
4908,0.5
4912,0.5
4914,0.5
4919,0.5
4920,0.5
4923,0.5
4926,0.5
4929,0.5
4930,0.5
4936,0.5
4940,0.5
4943,0.5
4946,0.5
4947,0.5
4949,0.5
4950,0.5
4951,0.5
4954,0.5
4957,0.5
4964,0.5
4973,0.5
4977,0.5
4978,0.5
4979,0.5
4985,0.5
4994,0.5
4995,0.5
4998,0.5
5005,0.5
5006,0.5
5007,0.5
5009,0.5
5010,0.5
5020,0.5
5021,0.5
5022,0.5
5026,0.5
5034,0.5
5036,0.5
5038,0.5
5040,0.5
5042,0.5
5048,0.5
5050,0.5
5052,0.5
5061,0.5
5067,0.5
5074,0.5
5075,0.5
5109,0.5
5111,0.5
5120,0.5
5135,0.5
5140,0.5
5141,0.5
5142,0.5
5144,0.5
5147,0.5
5150,0.5
5155,0.5
5165,0.5
5173,0.5
5175,0.5
5181,0.5
5185,0.5
5186,0.5
5189,0.5
5193,0.5
5194,0.5
5195,0.5
5196,0.5
5197,0.5
5198,0.5
5205,0.5
5206,0.5
5212,0.5
5213,0.5
5217,0.5
5222,0.5
5228,0.5
5233,0.5
5237,0.5
5238,0.5
5241,0.5
5244,0.5
5252,0.5
5261,0.5
5262,0.5
5265,0.5
5271,0.5
5276,0.5
5279,0.5
5297,0.5
5303,0.5
5309,0.5
5310,0.5
5311,0.5
5312,0.5
5313,0.5
5315,0.5
5317,0.5
5319,0.5
5321,0.5
5329,0.5
5330,0.5
5332,0.5
5344,0.5
5345,0.5
5359,0.5
5367,0.5
5368,0.5
5369,0.5
5370,0.5
5371,0.5
5372,0.5
5374,0.5
5391,0.5
5394,0.5
5396,0.5
5401,0.5
5404,0.5
5405,0.5
5406,0.5
5408,0.5
5410,0.5
5417,0.5
5419,0.5
5424,0.5
5425,0.5
5427,0.5
5429,0.5
5432,0.5
5443,0.5
5444,0.5
5448,0.5
5449,0.5
5451,0.5
5453,0.5
5457,0.5
5460,0.5
5461,0.5
5470,0.5
5471,0.5
5472,0.5
5473,0.5
5481,0.5
5484,0.5
5489,0.5
5493,0.5
5494,0.5
5495,0.5
5504,0.5
5506,0.5
5513,0.5
5518,0.5
5521,0.5
5523,0.5
5524,0.5
5533,0.5
5534,0.5
5535,0.5
5537,0.5
5541,0.5
5542,0.5
5546,0.5
5547,0.5
5549,0.5
5551,0.5
5556,0.5
5557,0.5
5559,0.5
5560,0.5
5561,0.5
5562,0.5
5566,0.5
5569,0.5
5572,0.5
5574,0.5
5577,0.5
5578,0.5
5581,0.5
5587,0.5
5588,0.5
5589,0.5
5591,0.5
5594,0.5
5597,0.5
5600,0.5
5605,0.5
5615,0.5
5616,0.5
5619,0.5
5620,0.5
5621,0.5
5622,0.5
5624,0.5
5632,0.5
5633,0.5
5635,0.5
5637,0.5
5638,0.5
5643,0.5
5654,0.5
5657,0.5
5661,0.5
5666,0.5
5669,0.5
5670,0.5
5676,0.5
5683,0.5
5685,0.5
5694,0.5
5696,0.5
5702,0.5
5704,0.5
5706,0.5
5707,0.5
5710,0.5
5712,0.5
5713,0.5
5715,0.5
5716,0.5
5718,0.5
5727,0.5
5729,0.5
5730,0.5
5736,0.5
5741,0.5
5747,0.5
5754,0.5
5758,0.5
5762,0.5
5763,0.5
5772,0.5
5774,0.5
5775,0.5
5778,0.5
5781,0.5
5782,0.5
5783,0.5
5784,0.5
5785,0.5
5787,0.5
5790,0.5
5796,0.5
5802,0.5
5803,0.5
5805,0.5
5810,0.5
5812,0.5
5815,0.5
5824,0.5
5825,0.5
5827,0.5
5830,0.5
5831,0.5
5840,0.5
5841,0.5
5845,0.5
5847,0.5
5854,0.5
5857,0.5
5860,0.5
5861,0.5
5862,0.5
5863,0.5
5882,0.5
5887,0.5
5888,0.5
5894,0.5
5895,0.5
5896,0.5
5897,0.5
5900,0.5
5902,0.5
5906,0.5
5911,0.5
5912,0.5
5914,0.5
5916,0.5
5917,0.5
5921,0.5
5923,0.5
5938,0.5
5939,0.5
5945,0.5
5948,0.5
5950,0.5
5957,0.5
5959,0.5
5964,0.5
5973,0.5
5976,0.5
5983,0.5
5984,0.5
5986,0.5
5991,0.5
6006,0.5
6013,0.5
6016,0.5
6021,0.5
6022,0.5
6029,0.5
6031,0.5
6032,0.5
6033,0.5
6037,0.5
6040,0.5
6050,0.5
6051,0.5
6057,0.5
6062,0.5
6064,0.5
6072,0.5
6075,0.5
6079,0.5
6084,0.5
6085,0.5
6089,0.5
6095,0.5
6097,0.5
6099,0.5
6102,0.5
6103,0.5
6106,0.5
6107,0.5
6111,0.5
6114,0.5
6115,0.5
6117,0.5
6118,0.5
6120,0.5
6121,0.5
6122,0.5
6124,0.5
6133,0.5
6135,0.5
6151,0.5
6159,0.5
6165,0.5
6171,0.5
6173,0.5
6181,0.5
6184,0.5
6191,0.5
6194,0.5
6197,0.5
6198,0.5
6199,0.5
6209,0.5
6210,0.5
6211,0.5
6213,0.5
6227,0.5
6228,0.5
6229,0.5
6231,0.5
6241,0.5
6247,0.5
6250,0.5
6252,0.5
6253,0.5
6254,0.5
6256,0.5
6258,0.5
6262,0.5
6264,0.5
6272,0.5
6275,0.5
6284,0.5
6286,0.5
6287,0.5
6291,0.5
6292,0.5
6293,0.5
6295,0.5
6302,0.5
6304,0.5
6306,0.5
6310,0.5
6315,0.5
6326,0.5
6330,0.5
6332,0.5
6334,0.5
6335,0.5
6346,0.5
6349,0.5
6355,0.5
6357,0.5
6358,0.5
6361,0.5
6367,0.5
6368,0.5
6371,0.5
6378,0.5
6385,0.5
6386,0.5
6391,0.5
6394,0.5
6398,0.5
6406,0.5
6413,0.5
6419,0.5
6421,0.5
6423,0.5
6426,0.5
6429,0.5
6432,0.5
6436,0.5
6444,0.5
6448,0.5
6449,0.5
6452,0.5
6456,0.5
6457,0.5
6461,0.5
6467,0.5
6470,0.5
6475,0.5
6478,0.5
6486,0.5
6495,0.5
6501,0.5
6509,0.5
6513,0.5
6514,0.5
6515,0.5
6523,0.5
6526,0.5
6528,0.5
6533,0.5
6538,0.5
6540,0.5
6542,0.5
6548,0.5
6551,0.5
6554,0.5
6555,0.5
6562,0.5
6567,0.5
6568,0.5
6573,0.5
6578,0.5
6583,0.5
6589,0.5
6592,0.5
6594,0.5
6596,0.5
6597,0.5
6598,0.5
6611,0.5
6615,0.5
6616,0.5
6618,0.5
6619,0.5
6629,0.5
6632,0.5
6637,0.5
6639,0.5
6646,0.5
6650,0.5
6655,0.5
6659,0.5
6661,0.5
6664,0.5
6667,0.5
6671,0.5
6673,0.5
6680,0.5
6682,0.5
6688,0.5
6690,0.5
6693,0.5
6696,0.5
6704,0.5
6710,0.5
6715,0.5
6720,0.5
6722,0.5
6727,0.5
6728,0.5
6731,0.5
6733,0.5
6740,0.5
6744,0.5
6754,0.5
6756,0.5
6762,0.5
6766,0.5
6767,0.5
6768,0.5
6772,0.5
6776,0.5
6782,0.5
6789,0.5
6794,0.5
6795,0.5
6796,0.5
6803,0.5
6808,0.5
6811,0.5
6812,0.5
6815,0.5
6826,0.5
6828,0.5
6832,0.5
6842,0.5
6843,0.5
6851,0.5
6854,0.5
6855,0.5
6858,0.5
6860,0.5
6866,0.5
6871,0.5
6872,0.5
6881,0.5
6883,0.5
6886,0.5
6887,0.5
6890,0.5
6891,0.5
6900,0.5
6902,0.5
6904,0.5
6905,0.5
6906,0.5
6912,0.5
6913,0.5
6925,0.5
6932,0.5
6938,0.5
6939,0.5
6944,0.5
6949,0.5
6957,0.5
6961,0.5
6963,0.5
6964,0.5
6969,0.5
6972,0.5
6973,0.5
6978,0.5
6981,0.5
6988,0.5
6989,0.5
6992,0.5
6995,0.5
7001,0.5
7004,0.5
7008,0.5
7010,0.5
7012,0.5
7015,0.5
7018,0.5
7021,0.5
7025,0.5
7031,0.5
7035,0.5
7037,0.5
7044,0.5
7048,0.5
7050,0.5
7052,0.5
7059,0.5
7060,0.5
7061,0.5
7062,0.5
7067,0.5
7068,0.5
7069,0.5
7079,0.5
7082,0.5
7084,0.5
7088,0.5
7093,0.5
7094,0.5
7095,0.5
7105,0.5
7108,0.5
7113,0.5
7114,0.5
7116,0.5
7117,0.5
7123,0.5
7126,0.5
7129,0.5
7131,0.5
7137,0.5
7140,0.5
7143,0.5
7146,0.5
7155,0.5
7157,0.5
7172,0.5
7173,0.5
7174,0.5
7180,0.5
7187,0.5
7193,0.5
7198,0.5
7201,0.5
7209,0.5
7212,0.5
7216,0.5
7222,0.5
7230,0.5
7232,0.5
7243,0.5
7256,0.5
7262,0.5
7266,0.5
7267,0.5
7268,0.5
7269,0.5
7274,0.5
7275,0.5
7282,0.5
7286,0.5
7287,0.5
7292,0.5
7294,0.5
7295,0.5
7296,0.5
7298,0.5
7304,0.5
7307,0.5
7309,0.5
7313,0.5
7318,0.5
7322,0.5
7329,0.5
7332,0.5
7333,0.5
7341,0.5
7343,0.5
7351,0.5
7352,0.5
7361,0.5
7363,0.5
7373,0.5
7378,0.5
7379,0.5
7381,0.5
7383,0.5
7390,0.5
7394,0.5
7397,0.5
7404,0.5
7415,0.5
7417,0.5
7418,0.5
7421,0.5
7422,0.5
7424,0.5
7426,0.5
7428,0.5
7430,0.5
7433,0.5
7434,0.5
7437,0.5
7440,0.5
7445,0.5
7449,0.5
7452,0.5
7454,0.5
7455,0.5
7456,0.5
7457,0.5
7460,0.5
7462,0.5
7463,0.5
7464,0.5
7466,0.5
7473,0.5
7480,0.5
7482,0.5
7483,0.5
7491,0.5
7504,0.5
7517,0.5
7520,0.5
7528,0.5
7530,0.5
7537,0.5
7539,0.5
7540,0.5
7541,0.5
7544,0.5
7546,0.5
7553,0.5
7556,0.5
7557,0.5
7558,0.5
7565,0.5
7571,0.5
7577,0.5
7579,0.5
7580,0.5
7583,0.5
7591,0.5
7593,0.5
7594,0.5
7595,0.5
7602,0.5
7604,0.5
7605,0.5
7608,0.5
7609,0.5
7611,0.5
7613,0.5
7614,0.5
7616,0.5
7622,0.5
7626,0.5
7630,0.5
7637,0.5
7638,0.5
7639,0.5
7641,0.5
7644,0.5
7650,0.5
7658,0.5
7665,0.5
7668,0.5
7669,0.5
7677,0.5
7678,0.5
7692,0.5
7693,0.5
7695,0.5
7697,0.5
7698,0.5
7699,0.5
7700,0.5
7703,0.5
7707,0.5
7708,0.5
7710,0.5
7711,0.5
7712,0.5
7732,0.5
7733,0.5
7736,0.5
7762,0.5
7765,0.5
7769,0.5
7776,0.5
7777,0.5
7782,0.5
7784,0.5
7786,0.5
7790,0.5
7793,0.5
7797,0.5
7799,0.5
7802,0.5
7811,0.5
7823,0.5
7825,0.5
7830,0.5
7835,0.5
7837,0.5
7841,0.5
7843,0.5
7845,0.5
7846,0.5
7851,0.5
7854,0.5
7859,0.5
7869,0.5
7876,0.5
7884,0.5
7890,0.5
7899,0.5
7907,0.5
7911,0.5
7915,0.5
7917,0.5
7925,0.5
7926,0.5
7927,0.5
7928,0.5
7930,0.5
7937,0.5
7939,0.5
7943,0.5
7947,0.5
7951,0.5
7952,0.5
7970,0.5
7972,0.5
7974,0.5
7977,0.5
7985,0.5
7990,0.5
7994,0.5
7997,0.5
7998,0.5
8000,0.5
8005,0.5
8009,0.5
8011,0.5
8014,0.5
8017,0.5
8018,0.5
8019,0.5
8021,0.5
8022,0.5
8025,0.5
8026,0.5
8028,0.5
8042,0.5
8045,0.5
8047,0.5
8053,0.5
8054,0.5
8055,0.5
8065,0.5
8072,0.5
8073,0.5
8077,0.5
8078,0.5
8080,0.5
8089,0.5
8090,0.5
8092,0.5
8093,0.5
8096,0.5
8097,0.5
8103,0.5
8106,0.5
8109,0.5
8110,0.5
8111,0.5
8115,0.5
8117,0.5
8132,0.5
8133,0.5
8135,0.5
8138,0.5
8140,0.5
8142,0.5
8145,0.5
8162,0.5
8164,0.5
8166,0.5
8167,0.5
8173,0.5
8179,0.5
8184,0.5
8185,0.5
8196,0.5
8202,0.5
8206,0.5
8208,0.5
8209,0.5
8218,0.5
8220,0.5
8226,0.5
8230,0.5
8231,0.5
8237,0.5
8240,0.5
8244,0.5
8252,0.5
8271,0.5
8276,0.5
8285,0.5
8289,0.5
8290,0.5
8297,0.5
8310,0.5
8311,0.5
8312,0.5
8316,0.5
8320,0.5
8323,0.5
8327,0.5
8329,0.5
8335,0.5
8338,0.5
8341,0.5
8342,0.5
8350,0.5
8354,0.5
8355,0.5
8363,0.5
8368,0.5
8387,0.5
8389,0.5
8397,0.5
8398,0.5
8403,0.5
8404,0.5
8405,0.5
8408,0.5
8413,0.5
8414,0.5
8417,0.5
8425,0.5
8427,0.5
8433,0.5
8434,0.5
8439,0.5
8442,0.5
8443,0.5
8446,0.5
8452,0.5
8459,0.5
8460,0.5
8466,0.5
8470,0.5
8475,0.5
8476,0.5
8484,0.5
8485,0.5
8492,0.5
8493,0.5
8494,0.5
8502,0.5
8513,0.5
8515,0.5
8516,0.5
8517,0.5
8519,0.5
8525,0.5
8528,0.5
8538,0.5
8540,0.5
8542,0.5
8548,0.5
8551,0.5
8552,0.5
8555,0.5
8568,0.5
8569,0.5
8570,0.5
8572,0.5
8575,0.5
8577,0.5
8582,0.5
8585,0.5
8586,0.5
8588,0.5
8591,0.5
8617,0.5
8626,0.5
8631,0.5
8632,0.5
8636,0.5
8640,0.5
8647,0.5
8649,0.5
8653,0.5
8662,0.5
8663,0.5
8664,0.5
8665,0.5
8666,0.5
8668,0.5
8670,0.5
8671,0.5
8687,0.5
8688,0.5
8689,0.5
8691,0.5
8695,0.5
8696,0.5
8699,0.5
8702,0.5
8703,0.5
8704,0.5
8706,0.5
8708,0.5
8717,0.5
8721,0.5
8722,0.5
8724,0.5
8726,0.5
8728,0.5
8730,0.5
8733,0.5
8734,0.5
8735,0.5
8740,0.5
8748,0.5
8754,0.5
8763,0.5
8764,0.5
8767,0.5
8768,0.5
8771,0.5
8777,0.5
8778,0.5
8785,0.5
8790,0.5
8792,0.5
8795,0.5
8796,0.5
8801,0.5
8810,0.5
8813,0.5
8825,0.5
8827,0.5
8828,0.5
8831,0.5
8834,0.5
8839,0.5
8843,0.5
8850,0.5
8851,0.5
8853,0.5
8854,0.5
8855,0.5
8859,0.5
8874,0.5
8875,0.5
8878,0.5
8886,0.5
8893,0.5
8895,0.5
8902,0.5
8909,0.5
8910,0.5
8917,0.5
8920,0.5
8922,0.5
8923,0.5
8926,0.5
8929,0.5
8930,0.5
8934,0.5
8936,0.5
8937,0.5
8942,0.5
8948,0.5
8961,0.5
8966,0.5
8971,0.5
8972,0.5
8984,0.5
8990,0.5
8996,0.5
9003,0.5
9004,0.5
9006,0.5
9007,0.5
9022,0.5
9024,0.5
9034,0.5
9038,0.5
9039,0.5
9048,0.5
9053,0.5
9056,0.5
9059,0.5
9060,0.5
9071,0.5
9074,0.5
9078,0.5
9080,0.5
9083,0.5
9085,0.5
9090,0.5
9092,0.5
9096,0.5
9100,0.5
9106,0.5
9107,0.5
9112,0.5
9113,0.5
9114,0.5
9119,0.5
9121,0.5
9129,0.5
9134,0.5
9138,0.5
9139,0.5
9140,0.5
9142,0.5
9147,0.5
9155,0.5
9158,0.5
9159,0.5
9160,0.5
9163,0.5
9167,0.5
9172,0.5
9178,0.5
9180,0.5
9181,0.5
9186,0.5
9187,0.5
9193,0.5
9202,0.5
9205,0.5
9207,0.5
9213,0.5
9217,0.5
9219,0.5
9223,0.5
9224,0.5
9228,0.5
9230,0.5
9231,0.5
9232,0.5
9238,0.5
9244,0.5
9245,0.5
9246,0.5
9254,0.5
9260,0.5
9262,0.5
9264,0.5
9274,0.5
9275,0.5
9289,0.5
9298,0.5
9299,0.5
9300,0.5
9304,0.5
9307,0.5
9320,0.5
9327,0.5
9333,0.5
9337,0.5
9344,0.5
9353,0.5
9357,0.5
9358,0.5
9360,0.5
9365,0.5
9366,0.5
9370,0.5
9372,0.5
9373,0.5
9374,0.5
9377,0.5
9379,0.5
9381,0.5
9382,0.5
9384,0.5
9390,0.5
9394,0.5
9395,0.5
9400,0.5
9401,0.5
9402,0.5
9403,0.5
9404,0.5
9409,0.5
9410,0.5
9413,0.5
9414,0.5
9421,0.5
9425,0.5
9429,0.5
9432,0.5
9434,0.5
9442,0.5
9449,0.5
9450,0.5
9457,0.5
9460,0.5
9461,0.5
9462,0.5
9482,0.5
9491,0.5
9495,0.5
9500,0.5
9501,0.5
9502,0.5
9512,0.5
9517,0.5
9518,0.5
9519,0.5
9521,0.5
9522,0.5
9525,0.5
9530,0.5
9533,0.5
9535,0.5
9536,0.5
9538,0.5
9541,0.5
9545,0.5
9547,0.5
9549,0.5
9554,0.5
9555,0.5
9558,0.5
9561,0.5
9565,0.5
9570,0.5
9573,0.5
9578,0.5
9581,0.5
9583,0.5
9584,0.5
9586,0.5
9589,0.5
9591,0.5
9594,0.5
9595,0.5
9599,0.5
9611,0.5
9620,0.5
9629,0.5
9631,0.5
9632,0.5
9643,0.5
9652,0.5
9653,0.5
9655,0.5
9661,0.5
9674,0.5
9676,0.5
9677,0.5
9680,0.5
9683,0.5
9684,0.5
9688,0.5
9702,0.5
9703,0.5
9707,0.5
9708,0.5
9726,0.5
9728,0.5
9729,0.5
9731,0.5
9741,0.5
9742,0.5
9743,0.5
9748,0.5
9754,0.5
9755,0.5
9756,0.5
9757,0.5
9759,0.5
9760,0.5
9761,0.5
9766,0.5
9768,0.5
9770,0.5
9771,0.5
9773,0.5
9775,0.5
9783,0.5
9786,0.5
9789,0.5
9791,0.5
9793,0.5
9797,0.5
9801,0.5
9803,0.5
9807,0.5
9812,0.5
9815,0.5
9816,0.5
9820,0.5
9825,0.5
9831,0.5
9832,0.5
9834,0.5
9836,0.5
9840,0.5
9842,0.5
9857,0.5
9858,0.5
9861,0.5
9867,0.5
9868,0.5
9871,0.5
9878,0.5
9880,0.5
9885,0.5
9888,0.5
9889,0.5
9896,0.5
9900,0.5
9907,0.5
9920,0.5
9924,0.5
9926,0.5
9931,0.5
9932,0.5
9938,0.5
9939,0.5
9942,0.5
9950,0.5
9951,0.5
9963,0.5
9970,0.5
9974,0.5
9977,0.5
9980,0.5
9983,0.5
9988,0.5
9992,0.5
9995,0.5
9999,0.5
10003,0.5
10008,0.5
10010,0.5
10011,0.5
10014,0.5
10023,0.5
10027,0.5
10030,0.5
10032,0.5
10033,0.5
10037,0.5
10042,0.5
10050,0.5
10057,0.5
10063,0.5
10067,0.5
10068,0.5
10077,0.5
10082,0.5
10084,0.5
10088,0.5
10091,0.5
10094,0.5
10097,0.5
10104,0.5
10108,0.5
10110,0.5
10112,0.5
10115,0.5
10116,0.5
10121,0.5
10124,0.5
10130,0.5
10133,0.5
10138,0.5
10145,0.5
10148,0.5
10157,0.5
10158,0.5
10161,0.5
10165,0.5
10167,0.5
10177,0.5
10180,0.5
10187,0.5
10188,0.5
10189,0.5
10192,0.5
10194,0.5
10198,0.5
10201,0.5
10202,0.5
10204,0.5
10206,0.5
10209,0.5
10212,0.5
10213,0.5
10214,0.5
10219,0.5
10220,0.5
10226,0.5
10227,0.5
10228,0.5
10231,0.5
10242,0.5
10249,0.5
10251,0.5
10252,0.5
10254,0.5
10256,0.5
10268,0.5
10271,0.5
10275,0.5
10277,0.5
10289,0.5
10290,0.5
10294,0.5
10302,0.5
10303,0.5
10308,0.5
10311,0.5
10316,0.5
10319,0.5
10321,0.5
10327,0.5
10328,0.5
10334,0.5
10336,0.5
10338,0.5
10343,0.5
10345,0.5
10349,0.5
10351,0.5
10353,0.5
10356,0.5
10368,0.5
10370,0.5
10372,0.5
10376,0.5
10380,0.5
10381,0.5
10385,0.5
10386,0.5
10394,0.5
10397,0.5
10405,0.5
10411,0.5
10414,0.5
10422,0.5
10428,0.5
10431,0.5
10439,0.5
10440,0.5
10442,0.5
10445,0.5
10446,0.5
10447,0.5
10450,0.5
10453,0.5
10457,0.5
10458,0.5
10464,0.5
10467,0.5
10468,0.5
10470,0.5
10473,0.5
10474,0.5
10488,0.5
10490,0.5
10493,0.5
10495,0.5
10496,0.5
10499,0.5
10501,0.5
10502,0.5
10504,0.5
10506,0.5
10507,0.5
10509,0.5
10515,0.5
10518,0.5
10522,0.5
10532,0.5
10534,0.5
10539,0.5
10541,0.5
10544,0.5
10559,0.5
10566,0.5
10571,0.5
10576,0.5
10581,0.5
10586,0.5
10589,0.5
10590,0.5
10592,0.5
10594,0.5
10608,0.5
10613,0.5
10614,0.5
10626,0.5
10633,0.5
10636,0.5
10637,0.5
10640,0.5
10645,0.5
10648,0.5
10650,0.5
10654,0.5
10658,0.5
10659,0.5
10661,0.5
10667,0.5
10668,0.5
10670,0.5
10672,0.5
10674,0.5
10676,0.5
10679,0.5
10683,0.5
10686,0.5
10692,0.5
10693,0.5
10697,0.5
10699,0.5
10701,0.5
10704,0.5
10719,0.5
10725,0.5
10732,0.5
10733,0.5
10734,0.5
10736,0.5
10738,0.5
10739,0.5
10741,0.5
10743,0.5
10750,0.5
10751,0.5
10752,0.5
10760,0.5
10761,0.5
10763,0.5
10767,0.5
10778,0.5
10785,0.5
10786,0.5
10788,0.5
10789,0.5
10808,0.5
10814,0.5
10823,0.5
10830,0.5
10832,0.5
10837,0.5
10839,0.5
10846,0.5
10849,0.5
10852,0.5
10854,0.5
10858,0.5
10860,0.5
10867,0.5
10871,0.5
10887,0.5
10888,0.5
10896,0.5
10899,0.5
10904,0.5
10908,0.5
10912,0.5
10917,0.5
10918,0.5
10922,0.5
10923,0.5
10924,0.5
10927,0.5
10929,0.5
10933,0.5
10936,0.5
10937,0.5
10938,0.5
10942,0.5
10944,0.5
10951,0.5
10955,0.5
10957,0.5
10963,0.5
10964,0.5
10975,0.5
10984,0.5
10989,0.5
10991,0.5
10995,0.5
10997,0.5
11007,0.5
11008,0.5
11013,0.5
11018,0.5
11020,0.5
11021,0.5
11022,0.5
11026,0.5
11028,0.5
11031,0.5
11043,0.5
11045,0.5
11047,0.5
11051,0.5
11057,0.5
11059,0.5
11062,0.5
11067,0.5
11068,0.5
11072,0.5
11076,0.5
11079,0.5
11090,0.5
11091,0.5
11093,0.5
11095,0.5
11097,0.5
11099,0.5
11101,0.5
11103,0.5
11105,0.5
11112,0.5
11119,0.5
11124,0.5
11140,0.5
11142,0.5
11144,0.5
11154,0.5
11157,0.5
11167,0.5
11168,0.5
11177,0.5
11186,0.5
11188,0.5
11190,0.5
11193,0.5
11195,0.5
11203,0.5
11205,0.5
11212,0.5
11213,0.5
11214,0.5
11215,0.5
11219,0.5
11220,0.5
11222,0.5
11226,0.5
11231,0.5
11234,0.5
11237,0.5
11246,0.5
11251,0.5
11252,0.5
11257,0.5
11262,0.5
11263,0.5
11270,0.5
11271,0.5
11272,0.5
11273,0.5
11279,0.5
11280,0.5
11282,0.5
11283,0.5
11286,0.5
11290,0.5
11292,0.5
11295,0.5
11298,0.5
11302,0.5
11303,0.5
11314,0.5
11316,0.5
11318,0.5
11321,0.5
11325,0.5
11326,0.5
11327,0.5
11330,0.5
11333,0.5
11340,0.5
11342,0.5
11344,0.5
11346,0.5
11347,0.5
11350,0.5
11359,0.5
11362,0.5
11364,0.5
11365,0.5
11366,0.5
11368,0.5
11369,0.5
11370,0.5
11378,0.5
11398,0.5
11405,0.5
11407,0.5
11408,0.5
11412,0.5
11413,0.5
11415,0.5
11426,0.5
11429,0.5
11438,0.5
11439,0.5
11440,0.5
11446,0.5
11450,0.5
11454,0.5
11462,0.5
11463,0.5
11465,0.5
11467,0.5
11471,0.5
11472,0.5
11474,0.5
11477,0.5
11491,0.5
11494,0.5
11497,0.5
11500,0.5
11506,0.5
11507,0.5
11509,0.5
11510,0.5
11512,0.5
11519,0.5
11522,0.5
11531,0.5
11534,0.5
11540,0.5
11543,0.5
11544,0.5
11553,0.5
11557,0.5
11559,0.5
11565,0.5
11571,0.5
11580,0.5
11583,0.5
11585,0.5
11589,0.5
11591,0.5
11601,0.5
11605,0.5
11616,0.5
11617,0.5
11625,0.5
11626,0.5
11633,0.5
11635,0.5
11650,0.5
11657,0.5
11660,0.5
11661,0.5
11666,0.5
11668,0.5
11676,0.5
11682,0.5
11695,0.5
11699,0.5
11713,0.5
11720,0.5
11721,0.5
11724,0.5
11725,0.5
11726,0.5
11729,0.5
11730,0.5
11737,0.5
11744,0.5
11747,0.5
11749,0.5
11751,0.5
11758,0.5
11760,0.5
11763,0.5
11765,0.5
11768,0.5
11771,0.5
11787,0.5
11792,0.5
11794,0.5
11795,0.5
11800,0.5
11801,0.5
11803,0.5
11809,0.5
11813,0.5
11817,0.5
11822,0.5
11824,0.5
11826,0.5
11836,0.5
11837,0.5
11844,0.5
11852,0.5
11853,0.5
11856,0.5
11864,0.5
11867,0.5
11868,0.5
11869,0.5
11877,0.5
11878,0.5
11884,0.5
11886,0.5
11887,0.5
11890,0.5
11891,0.5
11892,0.5
11898,0.5
11902,0.5
11906,0.5
11908,0.5
11912,0.5
11919,0.5
11920,0.5
11926,0.5
11927,0.5
11930,0.5
11931,0.5
11942,0.5
11943,0.5
11944,0.5
11948,0.5
11950,0.5
11956,0.5
11959,0.5
11960,0.5
11969,0.5
11972,0.5
11976,0.5
11979,0.5
11984,0.5
11991,0.5
11999,0.5
12004,0.5
12005,0.5
12014,0.5
12016,0.5
12019,0.5
12021,0.5
12022,0.5
12023,0.5
12030,0.5
12031,0.5
12032,0.5
12035,0.5
12037,0.5
12047,0.5
12052,0.5
12060,0.5
12066,0.5
12068,0.5
12071,0.5
12074,0.5
12081,0.5
12084,0.5
12089,0.5
12090,0.5
12093,0.5
12103,0.5
12104,0.5
12108,0.5
12109,0.5
12110,0.5
12111,0.5
12112,0.5
12114,0.5
12117,0.5
12122,0.5
12123,0.5
12125,0.5
12130,0.5
12136,0.5
12139,0.5
12145,0.5
12146,0.5
12147,0.5
12158,0.5
12161,0.5
12165,0.5
12173,0.5
12175,0.5
12177,0.5
12178,0.5
12184,0.5
12203,0.5
12205,0.5
12213,0.5
12218,0.5
12219,0.5
12226,0.5
12229,0.5
12230,0.5
12235,0.5
12236,0.5
12244,0.5
12245,0.5
12246,0.5
12249,0.5
12252,0.5
12257,0.5
12265,0.5
12268,0.5
12275,0.5
12276,0.5
12282,0.5
12283,0.5
12289,0.5
12291,0.5
12295,0.5
12314,0.5
12316,0.5
12318,0.5
12320,0.5
12322,0.5
12327,0.5
12328,0.5
12329,0.5
12335,0.5
12337,0.5
12341,0.5
12346,0.5
12350,0.5
12355,0.5
12357,0.5
12358,0.5
12359,0.5
12361,0.5
12363,0.5
12367,0.5
12368,0.5
12370,0.5
12374,0.5
12375,0.5
12377,0.5
12381,0.5
12384,0.5
12385,0.5
12390,0.5
12392,0.5
12395,0.5
12398,0.5
12402,0.5
12404,0.5
12413,0.5
12414,0.5
12415,0.5
12416,0.5
12418,0.5
12419,0.5
12421,0.5
12423,0.5
12425,0.5
12428,0.5
12432,0.5
12442,0.5
12444,0.5
12446,0.5
12457,0.5
12470,0.5
12472,0.5
12473,0.5
12475,0.5
12485,0.5
12486,0.5
12488,0.5
12491,0.5
12493,0.5
12507,0.5
12512,0.5
12518,0.5
12519,0.5
12520,0.5
12521,0.5
12524,0.5
12526,0.5
12537,0.5
12540,0.5
12541,0.5
12550,0.5
12575,0.5
12578,0.5
12579,0.5
12588,0.5
12591,0.5
12593,0.5
12600,0.5
12605,0.5
12610,0.5
12613,0.5
12616,0.5
12623,0.5
12639,0.5
12642,0.5
12653,0.5
12654,0.5
12655,0.5
12656,0.5
12657,0.5
12666,0.5
12677,0.5
12682,0.5
12684,0.5
12688,0.5
12694,0.5
12695,0.5
12698,0.5
12700,0.5
12703,0.5
12704,0.5
12713,0.5
12715,0.5
12718,0.5
12722,0.5
12730,0.5
12731,0.5
12734,0.5
12735,0.5
12736,0.5
12738,0.5
12742,0.5
12752,0.5
12753,0.5
12754,0.5
12755,0.5
12756,0.5
12759,0.5
12772,0.5
12776,0.5
12782,0.5
12789,0.5
12790,0.5
12796,0.5
12801,0.5
12804,0.5
12815,0.5
12816,0.5
12820,0.5
12823,0.5
12824,0.5
12827,0.5
12830,0.5
12835,0.5
12844,0.5
12845,0.5
12849,0.5
12852,0.5
12854,0.5
12855,0.5
12861,0.5
12863,0.5
12864,0.5
12867,0.5
12869,0.5
12872,0.5
12873,0.5
12876,0.5
12879,0.5
12881,0.5
12882,0.5
12884,0.5
12890,0.5
12894,0.5
12896,0.5
12899,0.5
12904,0.5
12905,0.5
12912,0.5
12914,0.5
12917,0.5
12923,0.5
12932,0.5
12938,0.5
12944,0.5
12945,0.5
12946,0.5
12948,0.5
12950,0.5
12951,0.5
12957,0.5
12961,0.5
12966,0.5
12968,0.5
12969,0.5
12979,0.5
12985,0.5
12987,0.5
12991,0.5
12995,0.5
12997,0.5
13000,0.5
13002,0.5
13018,0.5
13022,0.5
13025,0.5
13028,0.5
13030,0.5
13033,0.5
13042,0.5
13045,0.5
13046,0.5
13047,0.5
13049,0.5
13051,0.5
13056,0.5
13057,0.5
13058,0.5
13064,0.5
13065,0.5
13068,0.5
13072,0.5
13096,0.5
13099,0.5
13101,0.5
13106,0.5
13107,0.5
13115,0.5
13116,0.5
13117,0.5
13121,0.5
13126,0.5
13127,0.5
13132,0.5
13137,0.5
13147,0.5
13148,0.5
13154,0.5
13155,0.5
13156,0.5
13165,0.5
13187,0.5
13193,0.5
13196,0.5
13198,0.5
13203,0.5
13206,0.5
13207,0.5
13209,0.5
13210,0.5
13216,0.5
13220,0.5
13223,0.5
13224,0.5
13227,0.5
13228,0.5
13231,0.5
13236,0.5
13242,0.5
13243,0.5
13253,0.5
13257,0.5
13259,0.5
13263,0.5
13273,0.5
13276,0.5
13280,0.5
13281,0.5
13285,0.5
13287,0.5
13288,0.5
13291,0.5
13292,0.5
13293,0.5
13296,0.5
13299,0.5
13304,0.5
13306,0.5
13321,0.5
13325,0.5
13327,0.5
13329,0.5
13333,0.5
13363,0.5
13364,0.5
13378,0.5
13379,0.5
13382,0.5
13385,0.5
13393,0.5
13395,0.5
13399,0.5
13400,0.5
13408,0.5
13415,0.5
13416,0.5
13432,0.5
13439,0.5
13445,0.5
13446,0.5
13460,0.5
13465,0.5
13468,0.5
13474,0.5
13476,0.5
13481,0.5
13489,0.5
13492,0.5
13495,0.5
13497,0.5
13505,0.5
13507,0.5
13515,0.5
13517,0.5
13519,0.5
13527,0.5
13532,0.5
13538,0.5
13539,0.5
13543,0.5
13551,0.5
13552,0.5
13556,0.5
13557,0.5
13558,0.5
13560,0.5
13562,0.5
13566,0.5
13570,0.5
13579,0.5
13580,0.5
13586,0.5
13593,0.5
13594,0.5
13595,0.5
13597,0.5
13604,0.5
13606,0.5
13610,0.5
13611,0.5
13614,0.5
13617,0.5
13620,0.5
13622,0.5
13623,0.5
13625,0.5
13627,0.5
13629,0.5
13630,0.5
13631,0.5
13633,0.5
13636,0.5
13639,0.5
13641,0.5
13643,0.5
13644,0.5
13649,0.5
13653,0.5
13655,0.5
13656,0.5
13659,0.5
13663,0.5
13666,0.5
13669,0.5
13679,0.5
13680,0.5
13681,0.5
13683,0.5
13687,0.5
13693,0.5
13701,0.5
13703,0.5
13704,0.5
13713,0.5
13718,0.5
13727,0.5
13731,0.5
13733,0.5
13738,0.5
13739,0.5
13742,0.5
13743,0.5
13744,0.5
13746,0.5
13747,0.5
13749,0.5
13755,0.5
13756,0.5
13759,0.5
13765,0.5
13767,0.5
13773,0.5
13776,0.5
13778,0.5
13785,0.5
13786,0.5
13792,0.5
13799,0.5
13802,0.5
13811,0.5
13812,0.5
13819,0.5
13820,0.5
13821,0.5
13828,0.5
13831,0.5
13834,0.5
13846,0.5
13849,0.5
13851,0.5
13854,0.5
13855,0.5
13858,0.5
13859,0.5
13861,0.5
13864,0.5
13870,0.5
13876,0.5
13877,0.5
13878,0.5
13883,0.5
13884,0.5
13887,0.5
13892,0.5
13897,0.5
13898,0.5
13903,0.5
13904,0.5
13908,0.5
13912,0.5
13915,0.5
13920,0.5
13921,0.5
13923,0.5
13924,0.5
13930,0.5
13931,0.5
13933,0.5
13937,0.5
13941,0.5
13952,0.5
13953,0.5
13955,0.5
13960,0.5
13964,0.5
13968,0.5
13969,0.5
13972,0.5
13974,0.5
13975,0.5
13976,0.5
13977,0.5
13981,0.5
13987,0.5
13996,0.5
14004,0.5
14009,0.5
14012,0.5
14014,0.5
14022,0.5
14024,0.5
14027,0.5
14042,0.5
14044,0.5
14049,0.5
14063,0.5
14065,0.5
14067,0.5
14069,0.5
14072,0.5
14073,0.5
14077,0.5
14078,0.5
14081,0.5
14082,0.5
14083,0.5
14084,0.5
14087,0.5
14090,0.5
14092,0.5
14093,0.5
14101,0.5
14107,0.5
14108,0.5
14109,0.5
14110,0.5
14112,0.5
14115,0.5
14122,0.5
14123,0.5
14126,0.5
14131,0.5
14132,0.5
14135,0.5
14138,0.5
14143,0.5
14146,0.5
14148,0.5
14154,0.5
14155,0.5
14158,0.5
14162,0.5
14163,0.5
14164,0.5
14165,0.5
14176,0.5
14177,0.5
14181,0.5
14201,0.5
14202,0.5
14210,0.5
14217,0.5
14218,0.5
14224,0.5
14228,0.5
14236,0.5
14237,0.5
14243,0.5
14249,0.5
14250,0.5
14262,0.5
14269,0.5
14273,0.5
14278,0.5
14281,0.5
14283,0.5
14284,0.5
14291,0.5
14295,0.5
14297,0.5
14301,0.5
14304,0.5
14310,0.5
14312,0.5
14314,0.5
14315,0.5
14323,0.5
14331,0.5
14335,0.5
14342,0.5
14344,0.5
14346,0.5
14349,0.5
14351,0.5
14354,0.5
14356,0.5
14357,0.5
14365,0.5
14374,0.5
14376,0.5
14378,0.5
14384,0.5
14390,0.5
14396,0.5
14399,0.5
14400,0.5
14415,0.5
14416,0.5
14419,0.5
14420,0.5
14428,0.5
14430,0.5
14435,0.5
14439,0.5
14440,0.5
14446,0.5
14449,0.5
14450,0.5
14451,0.5
14462,0.5
14464,0.5
14466,0.5
14468,0.5
14469,0.5
14470,0.5
14475,0.5
14479,0.5
14481,0.5
14489,0.5
14509,0.5
14513,0.5
14514,0.5
14520,0.5
14526,0.5
14531,0.5
14533,0.5
14534,0.5
14537,0.5
14544,0.5
14551,0.5
14554,0.5
14555,0.5
14558,0.5
14560,0.5
14563,0.5
14565,0.5
14567,0.5
14568,0.5
14569,0.5
14571,0.5
14587,0.5
14588,0.5
14591,0.5
14604,0.5
14611,0.5
14618,0.5
14621,0.5
14622,0.5
14623,0.5
14627,0.5
14629,0.5
14647,0.5
14650,0.5
14655,0.5
14674,0.5
14676,0.5
14678,0.5
14680,0.5
14685,0.5
14698,0.5
14701,0.5
14706,0.5
14709,0.5
14710,0.5
14716,0.5
14726,0.5
14731,0.5
14732,0.5
14739,0.5
14741,0.5
14744,0.5
14747,0.5
14748,0.5
14749,0.5
14753,0.5
14754,0.5
14760,0.5
14769,0.5
14770,0.5
14772,0.5
14778,0.5
14779,0.5
14783,0.5
14790,0.5
14807,0.5
14813,0.5
14814,0.5
14820,0.5
14831,0.5
14852,0.5
14854,0.5
14857,0.5
14868,0.5
14870,0.5
14873,0.5
14878,0.5
14881,0.5
14887,0.5
14890,0.5
14897,0.5
14898,0.5
14908,0.5
14909,0.5
14910,0.5
14911,0.5
14913,0.5
14919,0.5
14931,0.5
14933,0.5
14934,0.5
14940,0.5
14941,0.5
14942,0.5
14945,0.5
14951,0.5
14962,0.5
14963,0.5
14965,0.5
14966,0.5
14972,0.5
14974,0.5
14980,0.5
14981,0.5
14982,0.5
14984,0.5
14989,0.5
14990,0.5
14996,0.5
14997,0.5
15005,0.5
15010,0.5
15011,0.5
15012,0.5
15016,0.5
15027,0.5
15028,0.5
15030,0.5
15031,0.5
15038,0.5
15039,0.5
15042,0.5
15044,0.5
15054,0.5
15060,0.5
15061,0.5
15064,0.5
15065,0.5
15066,0.5
15067,0.5
15068,0.5
15073,0.5
15074,0.5
15084,0.5
15085,0.5
15087,0.5
15089,0.5
15091,0.5
15097,0.5
15104,0.5
15107,0.5
15111,0.5
15118,0.5
15121,0.5
15126,0.5
15130,0.5
15139,0.5
15143,0.5
15147,0.5
15148,0.5
15152,0.5
15156,0.5
15161,0.5
15165,0.5
15167,0.5
15168,0.5
15171,0.5
15172,0.5
15183,0.5
15184,0.5
15187,0.5
15204,0.5
15207,0.5
15208,0.5
15210,0.5
15218,0.5
15224,0.5
15228,0.5
15233,0.5
15239,0.5
15245,0.5
15247,0.5
15248,0.5
15253,0.5
15260,0.5
15261,0.5
15267,0.5
15277,0.5
15288,0.5
15290,0.5
15291,0.5
15301,0.5
15304,0.5
15307,0.5
15310,0.5
15314,0.5
15318,0.5
15320,0.5
15323,0.5
15326,0.5
15335,0.5
15338,0.5
15339,0.5
15340,0.5
15342,0.5
15345,0.5
15346,0.5
15365,0.5
15366,0.5
15367,0.5
15368,0.5
15371,0.5
15372,0.5
15373,0.5
15377,0.5
15382,0.5
15383,0.5
15385,0.5
15387,0.5
15388,0.5
15391,0.5
15392,0.5
15400,0.5
15402,0.5
15406,0.5
15407,0.5
15410,0.5
15412,0.5
15417,0.5
15421,0.5
15423,0.5
15439,0.5
15444,0.5
15445,0.5
15457,0.5
15458,0.5
15459,0.5
15465,0.5
15468,0.5
15471,0.5
15478,0.5
15495,0.5
15505,0.5
15507,0.5
15511,0.5
15518,0.5
15521,0.5
15522,0.5
15530,0.5
15532,0.5
15537,0.5
15543,0.5
15547,0.5
15549,0.5
15550,0.5
15552,0.5
15556,0.5
15557,0.5
15561,0.5
15566,0.5
15568,0.5
15570,0.5
15574,0.5
15577,0.5
15580,0.5
15583,0.5
15586,0.5
15594,0.5
15595,0.5
15596,0.5
15597,0.5
15598,0.5
15601,0.5
15604,0.5
15607,0.5
15621,0.5
15622,0.5
15625,0.5
15629,0.5
15631,0.5
15636,0.5
15639,0.5
15641,0.5
15650,0.5
15651,0.5
15659,0.5
15667,0.5
15671,0.5
15672,0.5
15673,0.5
15677,0.5
15678,0.5
15682,0.5
15690,0.5
15694,0.5
15699,0.5
15702,0.5
15704,0.5
15707,0.5
15708,0.5
15709,0.5
15724,0.5
15727,0.5
15736,0.5
15737,0.5
15747,0.5
15749,0.5
15752,0.5
15753,0.5
15756,0.5
15759,0.5
15761,0.5
15765,0.5
15772,0.5
15776,0.5
15777,0.5
15782,0.5
15784,0.5
15787,0.5
15794,0.5
15798,0.5
15801,0.5
15803,0.5
15815,0.5
15816,0.5
15822,0.5
15824,0.5
15826,0.5
15832,0.5
15836,0.5
15841,0.5
15846,0.5
15854,0.5
15855,0.5
15856,0.5
15860,0.5
15862,0.5
15875,0.5
15876,0.5
15881,0.5
15882,0.5
15884,0.5
15885,0.5
15888,0.5
15908,0.5
15917,0.5
15918,0.5
15924,0.5
15926,0.5
15927,0.5
15931,0.5
15932,0.5
15940,0.5
15948,0.5
15952,0.5
15957,0.5
15964,0.5
15969,0.5
15977,0.5
15984,0.5
15985,0.5
15994,0.5
16005,0.5
16006,0.5
16013,0.5
16017,0.5
16020,0.5
16026,0.5
16030,0.5
16033,0.5
16036,0.5
16041,0.5
16042,0.5
16047,0.5
16050,0.5
16052,0.5
16054,0.5
16058,0.5
16064,0.5
16068,0.5
16069,0.5
16072,0.5
16076,0.5
16078,0.5
16081,0.5
16089,0.5
16093,0.5
16098,0.5
16100,0.5
16103,0.5
16105,0.5
16107,0.5
16111,0.5
16115,0.5
16116,0.5
16118,0.5
16120,0.5
16121,0.5
16127,0.5
16136,0.5
16137,0.5
16146,0.5
16155,0.5
16156,0.5
16159,0.5
16163,0.5
16166,0.5
16167,0.5
16173,0.5
16183,0.5
16186,0.5
16187,0.5
16189,0.5
16203,0.5
16204,0.5
16211,0.5
16214,0.5
16220,0.5
16224,0.5
16228,0.5
16229,0.5
16231,0.5
16232,0.5
16233,0.5
16240,0.5
16244,0.5
16247,0.5
16250,0.5
16251,0.5
16258,0.5
16262,0.5
16273,0.5
16276,0.5
16278,0.5
16279,0.5
16284,0.5
16285,0.5
16286,0.5
16289,0.5
16290,0.5
16291,0.5
16293,0.5
16297,0.5
16299,0.5
16303,0.5
16306,0.5
16307,0.5
16308,0.5
16309,0.5
16311,0.5
16313,0.5
16315,0.5
16316,0.5
16317,0.5
16319,0.5
16323,0.5
16325,0.5
16328,0.5
16329,0.5
16333,0.5
16335,0.5
16336,0.5
16345,0.5
16349,0.5
16350,0.5
16351,0.5
16352,0.5
16355,0.5
16357,0.5
16358,0.5
16363,0.5
16370,0.5
16373,0.5
16376,0.5
16379,0.5
16383,0.5
16384,0.5
16388,0.5
16393,0.5
16396,0.5
16404,0.5
16407,0.5
16408,0.5
16415,0.5
16417,0.5
16419,0.5
16420,0.5
16423,0.5
16424,0.5
16441,0.5
16445,0.5
16447,0.5
16451,0.5
16455,0.5
16458,0.5
16459,0.5
16460,0.5
16468,0.5
16470,0.5
16473,0.5
16482,0.5
16483,0.5
16486,0.5
16492,0.5
16496,0.5
16497,0.5
16498,0.5
16502,0.5
16503,0.5
16506,0.5
16508,0.5
16510,0.5
16512,0.5
16520,0.5
16525,0.5
16527,0.5
16531,0.5
16532,0.5
16540,0.5
16541,0.5
16551,0.5
16554,0.5
16556,0.5
16558,0.5
16578,0.5
16583,0.5
16585,0.5
16589,0.5
16591,0.5
16594,0.5
16595,0.5
16597,0.5
16615,0.5
16616,0.5
16618,0.5
16623,0.5
16634,0.5
16637,0.5
16656,0.5
16658,0.5
16664,0.5
16676,0.5
16679,0.5
16681,0.5
16685,0.5
16686,0.5
16699,0.5
16700,0.5
16706,0.5
16708,0.5
16714,0.5
16717,0.5
16718,0.5
16724,0.5
16738,0.5
16743,0.5
16752,0.5
16760,0.5
16764,0.5
16773,0.5
16777,0.5
16779,0.5
16780,0.5
16781,0.5
16783,0.5
16796,0.5
16797,0.5
16799,0.5
16800,0.5
16803,0.5
16806,0.5
16809,0.5
16815,0.5
16823,0.5
16824,0.5
16828,0.5
16837,0.5
16849,0.5
16852,0.5
16855,0.5
16860,0.5
16864,0.5
16867,0.5
16868,0.5
16869,0.5
16877,0.5
16878,0.5
16883,0.5
16885,0.5
16890,0.5
16891,0.5
16893,0.5
16894,0.5
16900,0.5
16901,0.5
16902,0.5
16904,0.5
16908,0.5
16911,0.5
16914,0.5
16915,0.5
16922,0.5
16923,0.5
16926,0.5
16927,0.5
16928,0.5
16932,0.5
16938,0.5
16946,0.5
16947,0.5
16953,0.5
16960,0.5
16963,0.5
16970,0.5
16975,0.5
16976,0.5
16977,0.5
16978,0.5
16994,0.5
16999,0.5
17006,0.5
17008,0.5
17015,0.5
17022,0.5
17034,0.5
17042,0.5
17050,0.5
17056,0.5
17059,0.5
17071,0.5
17073,0.5
17075,0.5
17076,0.5
17093,0.5
17095,0.5
17098,0.5
17102,0.5
17103,0.5
17112,0.5
17114,0.5
17127,0.5
17133,0.5
17134,0.5
17135,0.5
17139,0.5
17144,0.5
17145,0.5
17155,0.5
17160,0.5
17162,0.5
17166,0.5
17167,0.5
17168,0.5
17171,0.5
17176,0.5
17177,0.5
17179,0.5
17192,0.5
17193,0.5
17197,0.5
17199,0.5
17205,0.5
17207,0.5
17209,0.5
17210,0.5
17214,0.5
17227,0.5
17229,0.5
17236,0.5
17238,0.5
17239,0.5
17240,0.5
17245,0.5
17252,0.5
17255,0.5
17262,0.5
17263,0.5
17266,0.5
17274,0.5
17276,0.5
17279,0.5
17290,0.5
17301,0.5
17303,0.5
17305,0.5
17310,0.5
17318,0.5
17323,0.5
17324,0.5
17325,0.5
17330,0.5
17337,0.5
17339,0.5
17347,0.5
17348,0.5
17350,0.5
17352,0.5
17365,0.5
17367,0.5
17368,0.5
17375,0.5
17376,0.5
17377,0.5
17378,0.5
17379,0.5
17388,0.5
17393,0.5
17397,0.5
17400,0.5
17406,0.5
17417,0.5
17423,0.5
17424,0.5
17433,0.5
17446,0.5
17460,0.5
17470,0.5
17480,0.5
17481,0.5
17484,0.5
17487,0.5
17491,0.5
17493,0.5
17496,0.5
17500,0.5
17503,0.5
17518,0.5
17519,0.5
17520,0.5
17528,0.5
17536,0.5
17550,0.5
17552,0.5
17553,0.5
17559,0.5
17564,0.5
17566,0.5
17572,0.5
17575,0.5
17578,0.5
17581,0.5
17585,0.5
17587,0.5
17590,0.5
17592,0.5
17594,0.5
17597,0.5
17600,0.5
17603,0.5
17604,0.5
17605,0.5
17610,0.5
17616,0.5
17622,0.5
17632,0.5
17634,0.5
17635,0.5
17636,0.5
17641,0.5
17649,0.5
17650,0.5
17653,0.5
17658,0.5
17660,0.5
17664,0.5
17666,0.5
17668,0.5
17678,0.5
17692,0.5
17693,0.5
17699,0.5
17714,0.5
17716,0.5
17720,0.5
17730,0.5
17732,0.5
17743,0.5
17745,0.5
17751,0.5
17753,0.5
17757,0.5
17758,0.5
17760,0.5
17763,0.5
17768,0.5
17769,0.5
17779,0.5
17782,0.5
17787,0.5
17794,0.5
17798,0.5
17801,0.5
17806,0.5
17807,0.5
17808,0.5
17813,0.5
17824,0.5
17828,0.5
17835,0.5
17836,0.5
17843,0.5
17844,0.5
17848,0.5
17853,0.5
17856,0.5
17857,0.5
17862,0.5
17864,0.5
17865,0.5
17870,0.5
17875,0.5
17877,0.5
17883,0.5
17884,0.5
17885,0.5
17887,0.5
17892,0.5
17893,0.5
17899,0.5
17900,0.5
17904,0.5
17916,0.5
17921,0.5
17922,0.5
17923,0.5
17924,0.5
17931,0.5
17938,0.5
17947,0.5
17953,0.5
17956,0.5
17957,0.5
17961,0.5
17970,0.5
17971,0.5
17976,0.5
17977,0.5
17985,0.5
17987,0.5
17995,0.5
17997,0.5
17999,0.5
18001,0.5
18002,0.5
18006,0.5
18012,0.5
18014,0.5
18016,0.5
18022,0.5
18026,0.5
18029,0.5
18033,0.5
18037,0.5
18039,0.5
18047,0.5
18055,0.5
18056,0.5
18066,0.5
18074,0.5
18075,0.5
18076,0.5
18083,0.5
18088,0.5
18090,0.5
18093,0.5
18095,0.5
18097,0.5
18098,0.5
18113,0.5
18121,0.5
18124,0.5
18137,0.5
18138,0.5
18140,0.5
18150,0.5
18159,0.5
18164,0.5
18167,0.5
18169,0.5
18172,0.5
18173,0.5
18174,0.5
18175,0.5
18182,0.5
18184,0.5
18193,0.5
18195,0.5
18197,0.5
18200,0.5
18203,0.5
18209,0.5
18210,0.5
18213,0.5
18215,0.5
18219,0.5
18221,0.5
18226,0.5
18240,0.5
18254,0.5
18260,0.5
18264,0.5
18265,0.5
18268,0.5
18270,0.5
18274,0.5
18277,0.5
18278,0.5
18281,0.5
18288,0.5
18293,0.5
18294,0.5
18299,0.5
18302,0.5
18303,0.5
18306,0.5
18308,0.5
18313,0.5
18317,0.5
18332,0.5
18336,0.5
18339,0.5
18344,0.5
18352,0.5
18354,0.5
18355,0.5
18362,0.5
18365,0.5
18369,0.5
18370,0.5
18373,0.5
18374,0.5
18375,0.5
18376,0.5
18377,0.5
18379,0.5
18383,0.5
18386,0.5
18387,0.5
18394,0.5
18396,0.5
18399,0.5
18403,0.5
18426,0.5
18429,0.5
18430,0.5
18431,0.5
18433,0.5
18437,0.5
18438,0.5
18439,0.5
18440,0.5
18441,0.5
18442,0.5
18444,0.5
18445,0.5
18453,0.5
18455,0.5
18458,0.5
18461,0.5
18463,0.5
18472,0.5
18477,0.5
18484,0.5
18487,0.5
18490,0.5
18493,0.5
18500,0.5
18503,0.5
18510,0.5
18514,0.5
18517,0.5
18518,0.5
18523,0.5
18526,0.5
18532,0.5
18534,0.5
18539,0.5
18541,0.5
18543,0.5
18545,0.5
18546,0.5
18549,0.5
18550,0.5
18553,0.5
18561,0.5
18563,0.5
18564,0.5
18569,0.5
18570,0.5
18576,0.5
18579,0.5
18580,0.5
18581,0.5
18584,0.5
18586,0.5
18589,0.5
18590,0.5
18602,0.5
18604,0.5
18612,0.5
18623,0.5
18624,0.5
18625,0.5
18626,0.5
18635,0.5
18640,0.5
18641,0.5
18642,0.5
18644,0.5
18659,0.5
18662,0.5
18665,0.5
18668,0.5
18670,0.5
18672,0.5
18676,0.5
18680,0.5
18685,0.5
18694,0.5
18696,0.5
18699,0.5
18705,0.5
18710,0.5
18713,0.5
18714,0.5
18715,0.5
18719,0.5
18720,0.5
18726,0.5
18727,0.5
18730,0.5
18734,0.5
18735,0.5
18740,0.5
18746,0.5
18747,0.5
18750,0.5
18754,0.5
18760,0.5
18761,0.5
18763,0.5
18764,0.5
18767,0.5
18768,0.5
18775,0.5
18781,0.5
18789,0.5
18792,0.5
18799,0.5
18802,0.5
18804,0.5
18809,0.5
18815,0.5
18817,0.5
18822,0.5
18824,0.5
18837,0.5
18843,0.5
18844,0.5
18850,0.5
18856,0.5
18858,0.5
18861,0.5
18865,0.5
18869,0.5
18877,0.5
18881,0.5
18886,0.5
18889,0.5
18897,0.5
18898,0.5
18904,0.5
18921,0.5
18923,0.5
18931,0.5
18933,0.5
18948,0.5
18954,0.5
18959,0.5
18960,0.5
18979,0.5
18983,0.5
18989,0.5
18990,0.5
18993,0.5
18995,0.5
18998,0.5
18999,0.5
19003,0.5
19012,0.5
19017,0.5
19018,0.5
19022,0.5
19024,0.5
19031,0.5
19039,0.5
19041,0.5
19043,0.5
19047,0.5
19051,0.5
19056,0.5
19060,0.5
19064,0.5
19068,0.5
19084,0.5
19086,0.5
19088,0.5
19090,0.5
19093,0.5
19094,0.5
19103,0.5
19107,0.5
19108,0.5
19110,0.5
19111,0.5
19116,0.5
19117,0.5
19123,0.5
19124,0.5
19132,0.5
19133,0.5
19143,0.5
19145,0.5
19150,0.5
19152,0.5
19156,0.5
19158,0.5
19159,0.5
19163,0.5
19171,0.5
19179,0.5
19188,0.5
19190,0.5
19195,0.5
19202,0.5
19203,0.5
19213,0.5
19214,0.5
19216,0.5
19218,0.5
19223,0.5
19228,0.5
19230,0.5
19235,0.5
19246,0.5
19248,0.5
19255,0.5
19256,0.5
19261,0.5
19266,0.5
19267,0.5
19268,0.5
19269,0.5
19270,0.5
19273,0.5
19279,0.5
19281,0.5
19285,0.5
19286,0.5
19288,0.5
19290,0.5
19298,0.5
19302,0.5
19303,0.5
19307,0.5
19309,0.5
19321,0.5
19322,0.5
19325,0.5
19326,0.5
19327,0.5
19329,0.5
19331,0.5
19335,0.5
19339,0.5
19340,0.5
19341,0.5
19351,0.5
19352,0.5
19353,0.5
19365,0.5
19376,0.5
19381,0.5
19386,0.5
19388,0.5
19394,0.5
19395,0.5
19397,0.5
19398,0.5
19404,0.5
19405,0.5
19409,0.5
19410,0.5
19411,0.5
19415,0.5
19417,0.5
19423,0.5
19427,0.5
19434,0.5
19435,0.5
19448,0.5
19449,0.5
19451,0.5
19454,0.5
19456,0.5
19458,0.5
19461,0.5
19462,0.5
19473,0.5
19479,0.5
19481,0.5
19487,0.5
19489,0.5
19490,0.5
19491,0.5
19493,0.5
19495,0.5
19507,0.5
19511,0.5
19515,0.5
19518,0.5
19519,0.5
19520,0.5
19522,0.5
19529,0.5
19533,0.5
19534,0.5
19538,0.5
19540,0.5
19544,0.5
19546,0.5
19547,0.5
19561,0.5
19568,0.5
19569,0.5
19575,0.5
19580,0.5
19581,0.5
19593,0.5
19609,0.5
19612,0.5
19614,0.5
19616,0.5
19617,0.5
19623,0.5
19624,0.5
19625,0.5
19628,0.5
19629,0.5
19637,0.5
19638,0.5
19645,0.5
19647,0.5
19650,0.5
19653,0.5
19657,0.5
19659,0.5
19663,0.5
19664,0.5
19665,0.5
19673,0.5
19676,0.5
19677,0.5
19678,0.5
19682,0.5
19686,0.5
19694,0.5
19701,0.5
19707,0.5
19710,0.5
19715,0.5
19718,0.5
19719,0.5
19729,0.5
19731,0.5
19740,0.5
19744,0.5
19753,0.5
19754,0.5
19758,0.5
19760,0.5
19762,0.5
19767,0.5
19768,0.5
19770,0.5
19771,0.5
19776,0.5
19778,0.5
19780,0.5
19781,0.5
19789,0.5
19790,0.5
19798,0.5
19799,0.5
19800,0.5
19801,0.5
19812,0.5
19814,0.5
19815,0.5
19819,0.5
19821,0.5
19834,0.5
19835,0.5
19838,0.5
19843,0.5
19853,0.5
19854,0.5
19855,0.5
19860,0.5
19863,0.5
19865,0.5
19869,0.5
19870,0.5
19875,0.5
19882,0.5
19884,0.5
19887,0.5
19888,0.5
19891,0.5
19892,0.5
19894,0.5
19902,0.5
19903,0.5
19906,0.5
19912,0.5
19916,0.5
19928,0.5
19931,0.5
19934,0.5
19945,0.5
19948,0.5
19951,0.5
19952,0.5
19953,0.5
19962,0.5
19963,0.5
19964,0.5
19965,0.5
19966,0.5
19967,0.5
19972,0.5
19979,0.5
19980,0.5
19981,0.5
19986,0.5
19998,0.5
19999,0.5
20000,0.5
20005,0.5
20009,0.5
20011,0.5
20014,0.5
20032,0.5
20038,0.5
20040,0.5
20042,0.5
20046,0.5
20051,0.5
20053,0.5
20056,0.5
20058,0.5
20059,0.5
20060,0.5
20063,0.5
20065,0.5
20066,0.5
20072,0.5
20079,0.5
20086,0.5
20089,0.5
20091,0.5
20097,0.5
20102,0.5
20105,0.5
20109,0.5
20110,0.5
20114,0.5
20116,0.5
20118,0.5
20119,0.5
20120,0.5
20123,0.5
20126,0.5
20128,0.5
20129,0.5
20130,0.5
20135,0.5
20141,0.5
20149,0.5
20158,0.5
20168,0.5
20179,0.5
20180,0.5
20183,0.5
20191,0.5
20195,0.5
20200,0.5
20208,0.5
20212,0.5
20221,0.5
20222,0.5
20227,0.5
20238,0.5
20248,0.5
20252,0.5
20253,0.5
20257,0.5
20261,0.5
20262,0.5
20264,0.5
20265,0.5
20268,0.5
20272,0.5
20280,0.5
20283,0.5
20284,0.5
20299,0.5
20301,0.5
20306,0.5
20307,0.5
20313,0.5
20315,0.5
20317,0.5
20319,0.5
20324,0.5
20327,0.5
20328,0.5
20332,0.5
20334,0.5
20351,0.5
20357,0.5
20360,0.5
20364,0.5
20367,0.5
20368,0.5
20373,0.5
20399,0.5
20402,0.5
20409,0.5
20411,0.5
20414,0.5
20419,0.5
20422,0.5
20425,0.5
20435,0.5
20437,0.5
20442,0.5
20446,0.5
20447,0.5
20453,0.5
20478,0.5
20480,0.5
20481,0.5
20495,0.5
20502,0.5
20503,0.5
20505,0.5
20510,0.5
20513,0.5
20516,0.5
20525,0.5
20528,0.5
20535,0.5
20536,0.5
20548,0.5
20550,0.5
20563,0.5
20565,0.5
20571,0.5
20572,0.5
20580,0.5
20581,0.5
20585,0.5
20586,0.5
20593,0.5
20595,0.5
20596,0.5
20605,0.5
20607,0.5
20614,0.5
20615,0.5
20617,0.5
20630,0.5
20633,0.5
20637,0.5
20639,0.5
20641,0.5
20642,0.5
20643,0.5
20644,0.5
20649,0.5
20651,0.5
20659,0.5
20662,0.5
20663,0.5
20666,0.5
20667,0.5
20668,0.5
20671,0.5
20674,0.5
20675,0.5
20679,0.5
20682,0.5
20684,0.5
20685,0.5
20692,0.5
20694,0.5
20697,0.5
20701,0.5
20702,0.5
20703,0.5
20705,0.5
20713,0.5
20718,0.5
20720,0.5
20724,0.5
20727,0.5
20731,0.5
20734,0.5
20736,0.5
20739,0.5
20743,0.5
20745,0.5
20746,0.5
20753,0.5
20758,0.5
20763,0.5
20775,0.5
20777,0.5
20778,0.5
20781,0.5
20790,0.5
20791,0.5
20795,0.5
20801,0.5
20802,0.5
20804,0.5
20808,0.5
20809,0.5
20811,0.5
20813,0.5
20815,0.5
20816,0.5
20818,0.5
20820,0.5
20823,0.5
20827,0.5
20828,0.5
20836,0.5
20837,0.5
20846,0.5
20856,0.5
20862,0.5
20872,0.5
20880,0.5
20881,0.5
20885,0.5
20887,0.5
20890,0.5
20896,0.5
20902,0.5
20909,0.5
20915,0.5
20930,0.5
20938,0.5
20940,0.5
20941,0.5
20942,0.5
20947,0.5
20950,0.5
20953,0.5
20955,0.5
20958,0.5
20959,0.5
20969,0.5
20970,0.5
20979,0.5
20982,0.5
20985,0.5
20991,0.5
20994,0.5
20997,0.5
20998,0.5
20999,0.5
21008,0.5
21012,0.5
21014,0.5
21015,0.5
21017,0.5
21018,0.5
21020,0.5
21026,0.5
21030,0.5
21036,0.5
21037,0.5
21043,0.5
21044,0.5
21047,0.5
21049,0.5
21052,0.5
21054,0.5
21061,0.5
21068,0.5
21072,0.5
21078,0.5
21080,0.5
21082,0.5
21091,0.5
21100,0.5
21101,0.5
21102,0.5
21103,0.5
21110,0.5
21113,0.5
21126,0.5
21130,0.5
21137,0.5
21140,0.5
21142,0.5
21144,0.5
21147,0.5
21148,0.5
21151,0.5
21152,0.5
21153,0.5
21157,0.5
21164,0.5
21168,0.5
21173,0.5
21184,0.5
21192,0.5
21194,0.5
21195,0.5
21202,0.5
21206,0.5
21207,0.5
21214,0.5
21215,0.5
21223,0.5
21224,0.5
21234,0.5
21236,0.5
21240,0.5
21244,0.5
21245,0.5
21246,0.5
21248,0.5
21250,0.5
21252,0.5
21256,0.5
21265,0.5
21267,0.5
21271,0.5
21277,0.5
21280,0.5
21283,0.5
21285,0.5
21291,0.5
21292,0.5
21294,0.5
21298,0.5
21300,0.5
21312,0.5
21320,0.5
21322,0.5
21324,0.5
21328,0.5
21329,0.5
21341,0.5
21342,0.5
21343,0.5
21349,0.5
21350,0.5
21351,0.5
21353,0.5
21354,0.5
21356,0.5
21361,0.5
21365,0.5
21367,0.5
21371,0.5
21373,0.5
21377,0.5
21380,0.5
21384,0.5
21386,0.5
21393,0.5
21394,0.5
21398,0.5
21401,0.5
21404,0.5
21405,0.5
21406,0.5
21409,0.5
21413,0.5
21420,0.5
21421,0.5
21422,0.5
21424,0.5
21428,0.5
21430,0.5
21435,0.5
21440,0.5
21443,0.5
21449,0.5
21451,0.5
21453,0.5
21457,0.5
21461,0.5
21463,0.5
21466,0.5
21471,0.5
21476,0.5
21477,0.5
21482,0.5
21501,0.5
21503,0.5
21508,0.5
21522,0.5
21528,0.5
21529,0.5
21533,0.5
21540,0.5
21547,0.5
21549,0.5
21558,0.5
21560,0.5
21562,0.5
21566,0.5
21569,0.5
21574,0.5
21576,0.5
21582,0.5
21584,0.5
21588,0.5
21596,0.5
21597,0.5
21599,0.5
21600,0.5
21601,0.5
21602,0.5
21608,0.5
21615,0.5
21616,0.5
21618,0.5
21626,0.5
21632,0.5
21633,0.5
21635,0.5
21639,0.5
21642,0.5
21643,0.5
21649,0.5
21657,0.5
21658,0.5
21660,0.5
21662,0.5
21674,0.5
21681,0.5
21691,0.5
21698,0.5
21712,0.5
21713,0.5
21716,0.5
21717,0.5
21723,0.5
21724,0.5
21732,0.5
21733,0.5
21737,0.5
21739,0.5
21740,0.5
21750,0.5
21753,0.5
21758,0.5
21770,0.5
21774,0.5
21775,0.5
21776,0.5
21781,0.5
21786,0.5
21788,0.5
21794,0.5
21801,0.5
21802,0.5
21805,0.5
21806,0.5
21807,0.5
21816,0.5
21820,0.5
21823,0.5
21830,0.5
21832,0.5
21836,0.5
21840,0.5
21845,0.5
21852,0.5
21859,0.5
21865,0.5
21866,0.5
21870,0.5
21873,0.5
21874,0.5
21888,0.5
21895,0.5
21898,0.5
21903,0.5
21904,0.5
21909,0.5
21911,0.5
21913,0.5
21914,0.5
21919,0.5
21924,0.5
21926,0.5
21932,0.5
21938,0.5
21939,0.5
21942,0.5
21948,0.5
21955,0.5
21965,0.5
21966,0.5
21967,0.5
21971,0.5
21976,0.5
21979,0.5
21983,0.5
21984,0.5
21985,0.5
21986,0.5
21987,0.5
21989,0.5
21995,0.5
22003,0.5
22011,0.5
22012,0.5
22016,0.5
22021,0.5
22034,0.5
22041,0.5
22047,0.5
22051,0.5
22052,0.5
22054,0.5
22063,0.5
22065,0.5
22069,0.5
22076,0.5
22089,0.5
22096,0.5
22098,0.5
22101,0.5
22105,0.5
22106,0.5
22107,0.5
22108,0.5
22110,0.5
22111,0.5
22116,0.5
22122,0.5
22126,0.5
22128,0.5
22130,0.5
22131,0.5
22141,0.5
22143,0.5
22149,0.5
22150,0.5
22157,0.5
22173,0.5
22176,0.5
22182,0.5
22183,0.5
22188,0.5
22195,0.5
22196,0.5
22197,0.5
22205,0.5
22207,0.5
22208,0.5
22213,0.5
22217,0.5
22219,0.5
22220,0.5
22222,0.5
22229,0.5
22230,0.5
22233,0.5
22235,0.5
22236,0.5
22245,0.5
22246,0.5
22247,0.5
22257,0.5
22259,0.5
22260,0.5
22262,0.5
22267,0.5
22271,0.5
22277,0.5
22292,0.5
22294,0.5
22300,0.5
22304,0.5
22305,0.5
22311,0.5
22313,0.5
22315,0.5
22322,0.5
22325,0.5
22327,0.5
22328,0.5
22329,0.5
22334,0.5
22335,0.5
22336,0.5
22338,0.5
22343,0.5
22346,0.5
22348,0.5
22353,0.5
22356,0.5
22357,0.5
22364,0.5
22375,0.5
22384,0.5
22386,0.5
22391,0.5
22409,0.5
22412,0.5
22413,0.5
22419,0.5
22420,0.5
22421,0.5
22422,0.5
22424,0.5
22427,0.5
22428,0.5
22435,0.5
22439,0.5
22440,0.5
22442,0.5
22443,0.5
22444,0.5
22446,0.5
22447,0.5
22457,0.5
22458,0.5
22460,0.5
22463,0.5
22464,0.5
22466,0.5
22479,0.5
22487,0.5
22490,0.5
22491,0.5
22494,0.5
22496,0.5
22499,0.5
22506,0.5
22507,0.5
22508,0.5
22510,0.5
22512,0.5
22514,0.5
22522,0.5
22524,0.5
22525,0.5
22529,0.5
22531,0.5
22546,0.5
22548,0.5
22550,0.5
22551,0.5
22560,0.5
22561,0.5
22564,0.5
22577,0.5
22581,0.5
22587,0.5
22588,0.5
22593,0.5
22601,0.5
22602,0.5
22611,0.5
22613,0.5
22624,0.5
22626,0.5
22629,0.5
22630,0.5
22635,0.5
22642,0.5
22648,0.5
22662,0.5
22670,0.5
22674,0.5
22685,0.5
22688,0.5
22689,0.5
22694,0.5
22697,0.5
22698,0.5
22705,0.5
22707,0.5
22708,0.5
22710,0.5
22711,0.5
22712,0.5
22713,0.5
22715,0.5
22718,0.5
22721,0.5
22732,0.5
22743,0.5
22748,0.5
22749,0.5
22752,0.5
22753,0.5
22755,0.5
22756,0.5
22760,0.5
22767,0.5
22768,0.5
22769,0.5
22772,0.5
22778,0.5
22780,0.5
22784,0.5
22787,0.5
22791,0.5
22794,0.5
22796,0.5
22800,0.5
22802,0.5
22807,0.5
22811,0.5
22819,0.5
22824,0.5
22825,0.5
22831,0.5
22833,0.5
22835,0.5
22839,0.5
22844,0.5
22846,0.5
22847,0.5
22849,0.5
22851,0.5
22862,0.5
22871,0.5
22872,0.5
22873,0.5
22874,0.5
22877,0.5
22886,0.5
22888,0.5
22889,0.5
22897,0.5
22905,0.5
22907,0.5
22910,0.5
22911,0.5
22917,0.5
22922,0.5
22926,0.5
22928,0.5
22929,0.5
22930,0.5
22931,0.5
22934,0.5
22940,0.5
22941,0.5
22946,0.5
22949,0.5
22954,0.5
22962,0.5
22966,0.5
22968,0.5
22976,0.5
22977,0.5
22978,0.5
22979,0.5
22982,0.5
22983,0.5
22991,0.5
22992,0.5
23000,0.5
23006,0.5
23016,0.5
23040,0.5
23044,0.5
23046,0.5
23053,0.5
23054,0.5
23061,0.5
23067,0.5
23069,0.5
23070,0.5
23071,0.5
23088,0.5
23091,0.5
23094,0.5
23095,0.5
23096,0.5
23098,0.5
23109,0.5
23112,0.5
23113,0.5
23118,0.5
23119,0.5
23121,0.5
23122,0.5
23124,0.5
23130,0.5
23131,0.5
23133,0.5
23142,0.5
23143,0.5
23151,0.5
23159,0.5
23162,0.5
23164,0.5
23167,0.5
23168,0.5
23171,0.5
23174,0.5
23177,0.5
23185,0.5
23188,0.5
23198,0.5
23200,0.5
23206,0.5
23207,0.5
23208,0.5
23212,0.5
23213,0.5
23215,0.5
23218,0.5
23220,0.5
23222,0.5
23225,0.5
23237,0.5
23241,0.5
23243,0.5
23248,0.5
23249,0.5
23257,0.5
23268,0.5
23270,0.5
23273,0.5
23276,0.5
23277,0.5
23279,0.5
23285,0.5
23288,0.5
23292,0.5
23293,0.5
23294,0.5
23295,0.5
23298,0.5
23299,0.5
23314,0.5
